Name,Shop Price,Min Trade Value,,Target Level Bracket: 2-4
Adventurer's Ring,85 gp,43 gp,,Minimum Trade Value is 25gp unless otherwise listed.
Alluring Dye,60 gp,30 gp,,"If a magical armor has Plate or Half-Plate as an option, add 1,500 gp"
Amber Necklace,80 gp,40 gp,,"to the Shop Price and 750 gp to the Min Trade Value for the Plate Option, "
Amulet of Arcane Blade,120 gp,60 gp,,and 750 gp to Shop Price and 375 gp to the Min Trade Value for the Half-Plate Option.
Armblade,110 gp,55 gp,,
Armor of Gleaming,60 gp,30 gp,,
Aurora Dust,75 gp,38 gp,,
Automimicry Cape,95 gp,48 gp,,
Azdarchid Beak Greatsword,130 gp,65 gp,,
Bag of Bellstones,95 gp,48 gp,,
Ball of Wild Earth,95 gp,48 gp,,
Band of Layalty,75 gp,38 gp,,
Bands of the Found and Lost,130 gp,65 gp,,
Banshee Box,75 gp,38 gp,,
Bard-in-a-Box,100 gp,50 gp,,
Basilisk Crystal,90 gp,45 gp,,
Bath Potion,70 gp,35 gp,,
Battle Rod,115 gp,58 gp,,
Bead of Nourishment,105 gp,53 gp,,
Bead of Refreshment,100 gp,50 gp,,
Bell of Alarm,80 gp,40 gp,,
"Bird of a Feather, Common",80 gp,40 gp,,
Bird's-Eye Bolt,85 gp,43 gp,,
Blood Capsule,55 gp,28 gp,,
Bloody Marilith (Common),140 gp,70 gp,,
Bonfire Charm,75 gp,38 gp,,
Bonfire Seed,80 gp,40 gp,,
Book of Instant Copying,90 gp,45 gp,,
Boots of False Tracks,110 gp,55 gp,,
Borboss’ Joyous Wand of Color,95 gp,48 gp,,
Bottle of Boundless Coffee,55 gp,28 gp,,
Breathing Bubble,120 gp,60 gp,,
Broodmother's Eye,100 gp,50 gp,,
Bullfrog Totem,80 gp,40 gp,,
Camper's Crutch,100 gp,50 gp,,
Candle of the Deep,70 gp,35 gp,,
Candleflame Helm,105 gp,53 gp,,
Candy Xorn,50 gp,25 gp,,
Cartographer's Map Case,85 gp,43 gp,,
Cast-Off Armor,130 gp,65 gp,,
Catnip Amulet,75 gp,38 gp,,
Celestial Sunrise (Common),110 gp,55 gp,,
Charlatan's Die,65 gp,33 gp,,
Charlatan's Gloves,95 gp,48 gp,,
Chest of Preserving,115 gp,58 gp,,
Cleaning Cube,60 gp,30 gp,,
Cleaning Stone,70 gp,35 gp,,
Cleansing Stone,70 gp,35 gp,,
Cloak of Billowing,55 gp,28 gp,,
Cloak of Many Fashions,65 gp,33 gp,,
Cloak of Wide-Ranging,90 gp,45 gp,,
Clockwork Amulet,100 gp,50 gp,,
Clothes of Mending,60 gp,30 gp,,
Cloud-Touched Boomerang,125 gp,63 gp,,
Coin of Delving,80 gp,40 gp,,
Coin of Easy Living,70 gp,35 gp,,
Coin's Edge,75 gp,38 gp,,
Collar of the Cat,95 gp,48 gp,,
Common Glamerweave,85 gp,43 gp,,
Companion’s Band,110 gp,55 gp,,
Container of Heat and Frost,100 gp,50 gp,,
Cuddly Strixhaven Mascot,65 gp,33 gp,,
Dark Shard Amulet,115 gp,58 gp,,
Djinn and Tonic (Common),90 gp,45 gp,,
Doodle Ring,60 gp,30 gp,,
Doublet of Dramatic Demise,60 gp,30 gp,,
Dragonmark Channel,130 gp,65 gp,,
Dread Helm,120 gp,60 gp,,
Dress of Many Pockets,95 gp,48 gp,,
Drowner's Pearl,105 gp,53 gp,,
Dryadleaf,75 gp,38 gp,,
Drybrooch,85 gp,43 gp,,
Duster,55 gp,28 gp,,
Ear Horn of Hearing,70 gp,35 gp,,
Earring of Message,80 gp,40 gp,,
Enduring Spellbook,110 gp,55 gp,,
Enspelled Armor,125 gp,63 gp,,
Enspelled Staff,135 gp,68 gp,,
Enspelled Weapon,130 gp,65 gp,,
Ersatz Eye,100 gp,50 gp,,
Everbright Lantern,90 gp,45 gp,,
Everfull Stein,75 gp,38 gp,,
Everlasting Sugarbomb,50 gp,25 gp,,
Eye Kite,80 gp,40 gp,,
Fanfare Ammunition,95 gp,48 gp,,
Feather Token,85 gp,43 gp,,
Feather Token (Feather Fall),110 gp,55 gp,,
Firecracker Crystals,70 gp,35 gp,,
Fisherman's Spear,115 gp,58 gp,,
Forecaster's Cloak,90 gp,45 gp,,
Fortune's Flower,65 gp,33 gp,,
Foxfire Charm,80 gp,40 gp,,
Freerunner's Armor,140 gp,70 gp,,
Geological Hammer,110 gp,55 gp,,
Ghallanda Cauldron,95 gp,48 gp,,
Glamerweave,85 gp,43 gp,,
Glyph of Wayward Travels,100 gp,50 gp,,
Goo Luck Dice,65 gp,33 gp,,
Grass Carpet,75 gp,38 gp,,
Gravity Goblet,70 gp,35 gp,,
Griffon Coinpouch,80 gp,40 gp,,
Griffon Key Loop,85 gp,43 gp,,
Hat of Osnomnosis,90 gp,45 gp,,
Hat of Vermin,65 gp,33 gp,,
Hat of Wizardry,110 gp,55 gp,,
Headband of the Sweatless,60 gp,30 gp,,
Heart of the Sleeveless,55 gp,28 gp,,
Hedgewitch's Gardening Cane,85 gp,43 gp,,
Hel's Coin,70 gp,35 gp,,
Heward's Handy Spice Pouch,65 gp,33 gp,,
Horn of Silent Alarm,80 gp,40 gp,,
Hover Hopper,125 gp,63 gp,,
Iced Steel Weapon,120 gp,60 gp,,
Illuminator's Tattoo,95 gp,48 gp,,
Imbued Wood Focus,110 gp,55 gp,,
Immovable Button,75 gp,38 gp,,
Inker's Armband,80 gp,40 gp,,
Inspector's Silverware,65 gp,33 gp,,
Instrument of Illusions,90 gp,45 gp,,
Instrument of Scribing,85 gp,43 gp,,
Integrated Tool,70 gp,35 gp,,
Keycharm,75 gp,38 gp,,
Kobold Wristbow,110 gp,55 gp,,
Labyrinth Rope,95 gp,48 gp,,
Lady's Veil,75 gp,38 gp,,
Lamplighter,60 gp,30 gp,,
Lantern of Tracking,85 gp,43 gp,,
Leatherbeard,55 gp,28 gp,,
Light Sling,100 gp,50 gp,,
Lock of Trickery,80 gp,40 gp,,
Magik Oil,60 gp,30 gp,,
Magnificent Pocket Vanity,65 gp,33 gp,,
Manifold Tool,90 gp,45 gp,,
Mask of Changed Appearance,105 gp,53 gp,,
Masks of the Sacred Beasts (Crocodile),110 gp,55 gp,,
Masque Charm,75 gp,38 gp,,
Masquerade Tattoo,95 gp,48 gp,,
Medal of Conch,85 gp,43 gp,,
Medal of Horizonback,100 gp,50 gp,,
Medal of Meat Pie,70 gp,35 gp,,
Medal of Muscle,120 gp,60 gp,,
Medal of the Conch,85 gp,43 gp,,
Medal of the Horizonback,100 gp,50 gp,,
Medal of the Maze,90 gp,45 gp,,
Medal of the Meat Pie,70 gp,35 gp,,
Medal of the Wetlands,80 gp,40 gp,,
Medal of Wit,85 gp,43 gp,,
Merry Berry,55 gp,28 gp,,
Mimickey,85 gp,43 gp,,
Mind Crystal (Subtle),115 gp,58 gp,,
Moodmark Paint,60 gp,30 gp,,
Moon-Touched Sword,130 gp,65 gp,,
Mug of Friendship,65 gp,33 gp,,
Mystery Key,75 gp,38 gp,,
Mythallar Bracelet,120 gp,60 gp,,
Northlander's Boots,110 gp,55 gp,,
Oaken Candle,70 gp,35 gp,,
Orator's Quill,80 gp,40 gp,,
Orb of Direction,75 gp,38 gp,,
Orb of Gonging,65 gp,33 gp,,
Orb of Remembrance,85 gp,43 gp,,
Orb of Shielding,120 gp,60 gp,,
Orb of Shielding (Fernian Basalt),125 gp,63 gp,,
Orb of Shielding (Irian Quartz),120 gp,60 gp,,
Orb of Shielding (Kythrian Skarn),125 gp,63 gp,,
Orb of Shielding (Lamannian Flint),115 gp,58 gp,,
Orb of Shielding (Mabaran Obsidian),125 gp,63 gp,,
Orb of Shielding (Risian Shale),115 gp,58 gp,,
Orb of Shielding (Shavarran Chert),120 gp,60 gp,,
Orb of Shielding (Xorian Marble),125 gp,63 gp,,
Orb of Time,90 gp,45 gp,,
Orostead Iced Tea (Common),55 gp,28 gp,,
Ottaveggor Talharpa,95 gp,48 gp,,
Ottaveggr Talharpa,95 gp,48 gp,,
Painter's Sun Hat,70 gp,35 gp,,
Pair of Tiny Violin Rings,65 gp,33 gp,,
Performer's Puppet,80 gp,40 gp,,
Perfume of Bewitching,75 gp,38 gp,,
Periscope Rod,85 gp,43 gp,,
Permanent Parchment,60 gp,30 gp,,
Pipe of Rememberance,80 gp,40 gp,,
Pipe of Remembrance,80 gp,40 gp,,
Pipe of Smoke Monsters,70 gp,35 gp,,
Pole of Angling,65 gp,33 gp,,
Pole of Collapsing,75 gp,38 gp,,
Poltergeist Candle Holder,55 gp,28 gp,,
Pomade of Ten Thousand Styles,60 gp,30 gp,,
Pot of Awakening,125 gp,63 gp,,
Potion of Climbing,100 gp,50 gp,,
Potion of Comprehension,85 gp,43 gp,,
Potion of Watchful Rest,90 gp,45 gp,,
Pressure Capsule,70 gp,35 gp,,
Primal Drums,115 gp,58 gp,,
Prism Glasses,90 gp,45 gp,,
Profane Mask,95 gp,48 gp,,
Prosthetic Limb,110 gp,55 gp,,
Quicksilver Clay,90 gp,45 gp,,
Redsmith Crucible Set,100 gp,50 gp,,
Redsmith Hammer,105 gp,53 gp,,
Ring of Gestures,80 gp,40 gp,,
RIng of Hospitality,85 gp,43 gp,,
Ring of Primal Speaking,120 gp,60 gp,,
Ring of Roses,90 gp,45 gp,,
Ring of the Fowl Sentinel,95 gp,48 gp,,
Rival Coin,55 gp,28 gp,,
Road Warden Shield,130 gp,65 gp,,
Rod of Endless Light,85 gp,43 gp,,
Rope Caster,100 gp,50 gp,,
Rope of Mending,75 gp,38 gp,,
Rose Quartz Koi,70 gp,35 gp,,
Ruby of the War Mage,110 gp,55 gp,,
Rumbling Hammer,120 gp,60 gp,,
Salt of Thawing,65 gp,33 gp,,
Sauropod Femur,125 gp,63 gp,,
Scribe's Pen,60 gp,30 gp,,
Scuttling Lantern,80 gp,40 gp,,
Seat Belt,55 gp,28 gp,,
Sekolahian Worshiping Statuette,70 gp,35 gp,,
Shape-Shifter's Circlet,115 gp,58 gp,,
Shield of Crows,125 gp,63 gp,,
Shield of Expression,85 gp,43 gp,,
Shield of Swans,90 gp,45 gp,,
Shifter's Shine (Common),95 gp,48 gp,,
Shiftweave,80 gp,40 gp,,
Shimmering Spectacles,75 gp,38 gp,,
Shipwright's Watch,100 gp,50 gp,,
Silver Coin of Duvra,65 gp,33 gp,,
Silver Star Cane,105 gp,53 gp,,
Silvered Weapon,110 gp,55 gp,,
Singing Stein,70 gp,35 gp,,
Sleepytime Sheep Stuffy,55 gp,28 gp,,
Slip-Bane Bracelet,90 gp,45 gp,,
Smash Potatoes,60 gp,30 gp,,
Smoldering Armor,130 gp,65 gp,,
Snow Rider's Sleigh,95 gp,48 gp,,
Snugglebeast (Owlbear),65 gp,33 gp,,
Spark,75 gp,38 gp,,
Spellshard,85 gp,43 gp,,
Spellwrought Tattoo (1st Level),120 gp,60 gp,,
Spellwrought Tattoo (Cantrip),100 gp,50 gp,,
Spyglass of Clairvoyance,110 gp,55 gp,,
Staff of Adornment,65 gp,33 gp,,
Staff of Birdcalls,80 gp,40 gp,,
Staff of Flowers,70 gp,35 gp,,
Stalwart Staff,120 gp,60 gp,,
Status Signets,85 gp,43 gp,,
Steps of the Trickster,115 gp,58 gp,,
Sticky Hand,55 gp,28 gp,,
Storm Seer Lamp,90 gp,45 gp,,
Storyteller's Stein,70 gp,35 gp,,
Strixhaven Pennant,65 gp,33 gp,,
Stylist's Circlet,95 gp,48 gp,,
Suneater Featherfrond,90 gp,45 gp,,
Sustaining Belt,125 gp,63 gp,,
Sylvan Talon,115 gp,58 gp,,
Talking Doll,80 gp,40 gp,,
Talking Wand,90 gp,45 gp,,
Tankard of Plenty,90 gp,45 gp,,
Tankard of Sobriety,60 gp,30 gp,,
Tea Weird,55 gp,28 gp,,
Tear of Gaia,100 gp,50 gp,,
Thermal Cube,65 gp,33 gp,,
Thurimbar Rod,85 gp,43 gp,,
Tide Turner,95 gp,48 gp,,
Tinytar,70 gp,35 gp,,
Tormach's Blessed Weapon,115 gp,58 gp,,
Torpedo Ammunition,105 gp,53 gp,,
Tote of Tricky Treat Sugarbombs,65 gp,33 gp,,
Trickster's Boots,120 gp,60 gp,,
Turtle Brooch,75 gp,38 gp,,
Unbreakable Arrow,80 gp,40 gp,,
Uorik the Conqueror's Juice Cup,70 gp,35 gp,,
Uul'kur (Dream Key),110 gp,55 gp,,
Veteran's Cane,85 gp,43 gp,,
Vola'khesh,90 gp,45 gp,,
Voting Kit,95 gp,48 gp,,
Vox Helm,105 gp,53 gp,,
Vox Seeker,100 gp,50 gp,,
Walloping Ammunition,105 gp,53 gp,,
Wand of Conducting,80 gp,40 gp,,
Wand of Pyrotechnics,85 gp,43 gp,,
Wand of Scowls,70 gp,35 gp,,
Wand of Smiles,65 gp,33 gp,,
Wand Sheath,110 gp,55 gp,,
War Staff,125 gp,63 gp,,
Warrior Honey,60 gp,30 gp,,
Weapon of Showmanship,115 gp,58 gp,,
Webgrip Rucksack,95 gp,48 gp,,
Whispergust Mote,55 gp,28 gp,,
Widemouth Bucket,70 gp,35 gp,,
Williwig's Time Stopper,90 gp,45 gp,,
Wispy Sour (Common),55 gp,28 gp,,
Wyllow's Staff of Flowers,115 gp,58 gp,,