Name,Shop Price,Min Trade Value,,Very Rare Items can be targeted by 13-16 and up.
Abjurer's Bangle (Very Rare),"28,000 gp",15000 gp,,"Minimum Trade Value is 15,000gp unless otherwise listed."
Abracadabrus,"32,000 gp",16000 gp,,
Absorbing Tattoo,"25,000 gp",15000 gp,,
Acid Absorbing Tattoo,"25,000 gp",15000 gp,,
Aciurgist's Blade,"30,000 gp",15000 gp,,
"All-Purpose Tool, +3","35,000 gp",17500 gp,,
Amethyst Lodestone,"26,000 gp",15000 gp,,
Ammunition of Slaying,"22,000 gp",15000 gp,,
"Ammunition, +3","28,000 gp",15000 gp,,
Amulet of Curse Suppression,"24,000 gp",15000 gp,,
Amulet of the Black Skull,"27,000 gp",15000 gp,,
"Amulet of the Devout, +3","70,000 gp",35000 gp,,
Amulet of the Planes,"45,000 gp",22500 gp,,
Amulet of the Spirit Naga,"26,000 gp",15000 gp,,
Animated Inks (Very Rare),"22,000 gp",15000 gp,,
Animated Shield,"30,000 gp",15000 gp,,
Anstruth harp,"32,000 gp",16000 gp,,
Antimagic Armor,"40,000 gp",20000 gp,,
Arborguard Shield,"28,000 gp",15000 gp,,
Arc of the Alicorn,"35,000 gp",17500 gp,,
Arcane Cannon,"38,000 gp",19000 gp,,
"Arcane Grimoire, +3","36,000 gp",18000 gp,,
Arcane Mirror,"25,000 gp",15000 gp,,
Arcane Propulsion Arm,"30,000 gp",15000 gp,,
Arcanist’s Bowstaff,"32,000 gp",16000 gp,,
Architect’s Disdain,"28,000 gp",15000 gp,,
Archivist's Key,"24,000 gp",15000 gp,,
Armor of Safeguarding,"26,000 gp",15000 gp,,
Armor of the White Rose,"27,000 gp",15000 gp,,
"Armor, +2","28,000 gp",15000 gp,,
Ashbraid,"25,000 gp",15000 gp,,
Astral Bracelet,"30,000 gp",15000 gp,,
Astral Luggage,"24,000 gp",15000 gp,,
Axe of the Galloping Headsman,"26,000 gp",15000 gp,,
Bag of Devouring,"20,000 gp",15000 gp,,
Baleful Talon,"28,000 gp",15000 gp,,
Banjo of Ol'Jerico Sticks,"25,000 gp",15000 gp,,
Barbarian in a Box,"22,000 gp",15000 gp,,
Barrier Tattoo (Large),"26,000 gp",15000 gp,,
Battle Standard of Infernal Power,"35,000 gp",17500 gp,,
Battlechef’s Splendid Saucepan,"24,000 gp",15000 gp,,
Bell of the Dusk Mother,"28,000 gp",15000 gp,,
Belt of Fire Giant Strength,"45,000 gp",22500 gp,,
Belt of Frost Giant Strength,"40,000 gp",20000 gp,,
Belt of Stone Giant Strength,"38,000 gp",19000 gp,,
Black Dragon Scale Mail,"32,000 gp",16000 gp,,
Blade of Medusa,"30,000 gp",15000 gp,,
Blast Scepter,"28,000 gp",15000 gp,,
Blood Moon Blade,"32,000 gp",16000 gp,,
Blood Pact Pendants,"26,000 gp",15000 gp,,
Bloodaxe,"27,000 gp",15000 gp,,
Bloodmage Dagger,"25,000 gp",15000 gp,,
Bloodsbane,"28,000 gp",15000 gp,,
Bloodseeker Ammunition,"22,000 gp",15000 gp,,
Bloodshed Blade,"30,000 gp",15000 gp,,
Bloodthirster Scimitar,"29,000 gp",15000 gp,,
"Bloodwell Vial, +3","68,000 gp",34000 gp,,
Bloody Marilith (Very Rare),"32,000 gp",16000 gp,,
Blue Dragon Scale Mail,"32,000 gp",16000 gp,,
Blunderbuss of the Grinning Sinner,"26,000 gp",15000 gp,,
Bobbing Lily Pad,"22,000 gp",15000 gp,,
Bolt,"24,000 gp",15000 gp,,
Book of Ebon Tides,"40,000 gp",20000 gp,,
Boots of Dendallen,"25,000 gp",15000 gp,,
Bottled Abyss,"28,000 gp",15000 gp,,
Bow of Four,"30,000 gp",15000 gp,,
Bow of Melodies,"27,000 gp",15000 gp,,
Bow of the Spelldrinker,"32,000 gp",16000 gp,,
Bracelet of Rock Magic,"26,000 gp",15000 gp,,
Bracers of the Spellbreaker,"30,000 gp",15000 gp,,
Brambleheart Quiver,"25,000 gp",15000 gp,,
Brass Dragon Scale Mail,"32,000 gp",16000 gp,,
Brazen Armor,"26,000 gp",15000 gp,,
Breathing Bubble,"22,000 gp",15000 gp,,
Bronze Dragon Scale Mail,"32,000 gp",16000 gp,,
Bulette Torpedo,"24,000 gp",15000 gp,,
Camilla's Quicksilver Mirror,"28,000 gp",15000 gp,,
Candle of Invocation,"35,000 gp",17500 gp,,
Cane of Phillip Druskenvald,"26,000 gp",15000 gp,,
Cane of Phillip Druskenvald (Very Rare),"26,000 gp",15000 gp,,
Cape of Enlargement,"24,000 gp",15000 gp,,
Carpet of Flying,"30,000 gp",15000 gp,,
"Carpet of Flying, 3 ft. × 5 ft.","28,000 gp",15000 gp,,
"Carpet of Flying, 4 ft. × 6 ft.","30,000 gp",15000 gp,,
"Carpet of Flying, 5 ft. × 7 ft.","32,000 gp",16000 gp,,
"Carpet of Flying, 6 ft. × 9 ft.","35,000 gp",17500 gp,,
Carrion Shroud,"25,000 gp",15000 gp,,
Cauldron of Rebirth,"32,000 gp",16000 gp,,
Cauldron of the Vermintoll Coven,"30,000 gp",15000 gp,,
Ceratopper,"24,000 gp",15000 gp,,
Ceratopsian Plate,"28,000 gp",15000 gp,,
Charged Gauntlets,"26,000 gp",15000 gp,,
Charged Rapier,"28,000 gp",15000 gp,,
Chime of Exile,"25,000 gp",15000 gp,,
Chronal Sphere,"35,000 gp",17500 gp,,
Chronolometer,"30,000 gp",15000 gp,,
Chronomancer's Eyepiece,"28,000 gp",15000 gp,,
Cinder Coat,"26,000 gp",15000 gp,,
Circlet of the Huntsman’s Third Eye,"27,000 gp",15000 gp,,
Circlet of the Sharpened Mind,"26,000 gp",15000 gp,,
Cloak of Arachnida,"32,000 gp",16000 gp,,
Cloche of Surprise Treats,"22,000 gp",15000 gp,,
Clockwork Armor,"30,000 gp",15000 gp,,
Coat of Many Eyes (Very Rare),"28,000 gp",15000 gp,,
Cold Absorbing Tattoo,"25,000 gp",15000 gp,,
Collar of the Undead,"24,000 gp",15000 gp,,
Conch of Teleportation,"35,000 gp",17500 gp,,
Copper Dragon Scale Mail,"32,000 gp",16000 gp,,
Corecut Dagger,"26,000 gp",15000 gp,,
Cratering Quarterstaff,"25,000 gp",15000 gp,,
Crimson Blade,"28,000 gp",15000 gp,,
Crosier of Divine Power,"30,000 gp",15000 gp,,
Crown of Deep Winter,"45,000 gp",22500 gp,,
Crown of Infinite Midnight,"40,000 gp",20000 gp,,
Crown of Majesty,"38,000 gp",19000 gp,,
Crown of the Barrow King,"32,000 gp",16000 gp,,
Crown of the Keppmir King,"35,000 gp",17500 gp,,
Crown of Whirling Comets,"45,000 gp",22500 gp,,
Crystal Ball,"30,000 gp",15000 gp,,
Crystalline Chronicle,"32,000 gp",16000 gp,,
Cutlass of Briggsy Kratch,"28,000 gp",15000 gp,,
Dancing Sword,"32,000 gp",16000 gp,,
Dark Fathom Armor,"30,000 gp",15000 gp,,
Deathly Diadem,"28,000 gp",15000 gp,,
Deck of Dimensions,"35,000 gp",17500 gp,,
Deck of Wild Cards,"30,000 gp",15000 gp,,
Demon Armor,"35,000 gp",17500 gp,,
Devastation Orb,"28,000 gp",15000 gp,,
Devlin's Staff of Striking,"32,000 gp",16000 gp,,
Dimenional Loop,"30,000 gp",15000 gp,,
Dimensional Loop,"30,000 gp",15000 gp,,
Dimir Keyrune,"24,000 gp",15000 gp,,
Dispelling Stone,"26,000 gp",15000 gp,,
Dispelling Stonre,"26,000 gp",15000 gp,,
"Dragon Edge Weapon, +2","28,000 gp",15000 gp,,
Dragon Horn Pauldron,"26,000 gp",15000 gp,,
Dragon Scale Mail,"35,000 gp",17500 gp,,
Dragon Turtle Barding,"30,000 gp",15000 gp,,
Dragon Vessel (Awakened),"32,000 gp",16000 gp,,
"Dragonhide Belt, +3","35,000 gp",17500 gp,,
"Dragonkin Weapon, +2","28,000 gp",15000 gp,,
Dragon's Wrath Weapon (Awakened),"32,000 gp",16000 gp,,
Dragon-Touched Focus (Awakened),"30,000 gp",15000 gp,,
Dream Mantle,"28,000 gp",15000 gp,,
Dusk Dagger (Very Rare),"26,000 gp",15000 gp,,
Duskcrusher,"28,000 gp",15000 gp,,
Dwarven Plate,"32,000 gp",16000 gp,,
Dwarven Thrower,"35,000 gp",17500 gp,,
Dyrrn's Tentacle Whip,"30,000 gp",15000 gp,,
Ebon Fulcrum Lens,"28,000 gp",15000 gp,,
Edible Book of Recipes,"22,000 gp",15000 gp,,
Efreeti Bottle,"40,000 gp",20000 gp,,
Eldritch Staff,"32,000 gp",16000 gp,,
Elven Thrower,"30,000 gp",15000 gp,,
Energy Bow,"28,000 gp",15000 gp,,
Enspelled Armor (Level 4),"26,000 gp",15000 gp,,
Enspelled Armor (Level 5),"32,000 gp",16000 gp,,
Enspelled Staff (Level 4),"28,000 gp",15000 gp,,
Enspelled Staff (Level 5),"34,000 gp",17000 gp,,
Enspelled Weapon (Level 4),"26,000 gp",15000 gp,,
Enspelled Weapon (Level 5),"32,000 gp",16000 gp,,
Enzymatic Gastrostaff,"25,000 gp",15000 gp,,
Ether Spear,"28,000 gp",15000 gp,,
Ethereal Egg,"24,000 gp",15000 gp,,
Executioner's Axe,"26,000 gp",15000 gp,,
Eye of the White Worm,"28,000 gp",15000 gp,,
Fable’s End,"30,000 gp",15000 gp,,
Faerie Crown,"32,000 gp",16000 gp,,
Far Gear,"26,000 gp",15000 gp,,
Fate Cutter Shears,"28,000 gp",15000 gp,,
"Fate Dealer's Deck, +2","32,000 gp",16000 gp,,
Ferguson's Talons,"26,000 gp",15000 gp,,
Festerwood Fungal Stave,"25,000 gp",15000 gp,,
Festerwood Masher,"24,000 gp",15000 gp,,
"Figurine of Wondrous Power, Obsidian Steed","35,000 gp",17500 gp,,
Fire Absorbing Tattoo,"25,000 gp",15000 gp,,
Fish Suit,"22,000 gp",15000 gp,,
Flesh of Dendallen,"28,000 gp",15000 gp,,
Flying Citadel Helm,"40,000 gp",20000 gp,,
Fool's Blade,"25,000 gp",15000 gp,,
Fool's Lamp,"22,000 gp",15000 gp,,
Force Absorbing Tattoo,"25,000 gp",15000 gp,,
Forcebreaker Weapon,"28,000 gp",15000 gp,,
Fourarm Bracers,"30,000 gp",15000 gp,,
Fragment of Elder Starlight,"35,000 gp",17500 gp,,
Frost Brand,"32,000 gp",16000 gp,,
Frostburn Spear,"28,000 gp",15000 gp,,
Funeral Mask,"24,000 gp",15000 gp,,
Furious Flail,"26,000 gp",15000 gp,,
Gametoy,"22,000 gp",15000 gp,,
Gateway Ring,"35,000 gp",17500 gp,,
Ghost Sight Bow,"28,000 gp",15000 gp,,
Ghost Step Tattoo,"26,000 gp",15000 gp,,
Give and Take,"24,000 gp",15000 gp,,
Glacierpress Boots,"26,000 gp",15000 gp,,
Gloves of Mimicry,"24,000 gp",15000 gp,,
Gloves of the Walking Shade,"28,000 gp",15000 gp,,
Gold Dragon Scale Mail,"35,000 gp",17500 gp,,
Golgari Keyrune,"24,000 gp",15000 gp,,
Grasping Staff,"26,000 gp",15000 gp,,
Grass Whistle Blade,"25,000 gp",15000 gp,,
Green Dragon Scale Mail,"32,000 gp",16000 gp,,
Green Knight's Vow,"28,000 gp",15000 gp,,
Grip of Dendallen,"26,000 gp",15000 gp,,
Hammer of Runic Focus,"28,000 gp",15000 gp,,
Harp of Valor,"26,000 gp",15000 gp,,
Hat of Many Spells,"35,000 gp",17500 gp,,
Hcor’uk the Colossal’s Portable Handheld Weapon of Walloping,"28,000 gp",15000 gp,,
Heartless Cage Pendant,"25,000 gp",15000 gp,,
Heaven's Herald,"30,000 gp",15000 gp,,
Hellfire Pitchfork,"28,000 gp",15000 gp,,
Helm of Brilliance,"40,000 gp",20000 gp,,
Helm of Devil Command,"32,000 gp",16000 gp,,
Helm of the Broken Dragon,"28,000 gp",15000 gp,,
Helm of the Chromatic Dragon,"35,000 gp",17500 gp,,
Helm of the Platinum Dragon,"38,000 gp",19000 gp,,
Helm of the Ruby Dragon,"35,000 gp",17500 gp,,
Heward's Hireling Armor,"26,000 gp",15000 gp,,
Hide of the Brimstone Behemoth,"32,000 gp",16000 gp,,
Hoarder's Haul (Very Rare),"28,000 gp",15000 gp,,
Honey of the Hive Warden,"22,000 gp",15000 gp,,
Hook of the Tall Man,"40,000 gp",20000 gp,,
Horn of the Wild Hunt,"35,000 gp",17500 gp,,
"Horn of Valhalla, Bronze","32,000 gp",16000 gp,,
Horned Ring,"26,000 gp",15000 gp,,
Horseshoes of a Zephyr,"25,000 gp",15000 gp,,
Hour and Minute,"28,000 gp",15000 gp,,
Hourglass of Slumber,"24,000 gp",15000 gp,,
Hunters Coat,"26,000 gp",15000 gp,,
Hunter's Coat,"26,000 gp",15000 gp,,
Hurricane Lance,"30,000 gp",15000 gp,,
Hydra Charm,"28,000 gp",15000 gp,,
Idol of the Beast of Blight,"26,000 gp",15000 gp,,
Illusionist's Bracers,"32,000 gp",16000 gp,,
Impact Plate,"28,000 gp",15000 gp,,
Inexhaustable Armor,"26,000 gp",15000 gp,,
Infernal Aegis,"30,000 gp",15000 gp,,
Infernal Chain,"28,000 gp",15000 gp,,
Ingot of the Skold Rune,"25,000 gp",15000 gp,,
Instrument of Roses and Thorns,"26,000 gp",15000 gp,,
"Instrument of the Bards, Anstruth Harp","32,000 gp",16000 gp,,
Ioun Stone of Vitality,"30,000 gp",15000 gp,,
Ioun Stone Vitality,"30,000 gp",15000 gp,,
"Ioun Stone, Absorption","35,000 gp",17500 gp,,
"Ioun Stone, Agility","28,000 gp",15000 gp,,
"Ioun Stone, Fortitude","28,000 gp",15000 gp,,
"Ioun Stone, Insight","28,000 gp",15000 gp,,
"Ioun Stone, Intellect","28,000 gp",15000 gp,,
"Ioun Stone, Leadership","30,000 gp",15000 gp,,
"Ioun Stone, Strength","28,000 gp",15000 gp,,
Iron Traitor's Arm Ring,"25,000 gp",15000 gp,,
Ironleaf Plate,"28,000 gp",15000 gp,,
Jakarion's Staff of Frost,"32,000 gp",16000 gp,,
Javelin of Backbiting,"25,000 gp",15000 gp,,
Ki Blade,"26,000 gp",15000 gp,,
Kraken Band,"28,000 gp",15000 gp,,
Kyrzin's Ooze,"30,000 gp",15000 gp,,
Lady Phantasma's Material Anchor,"28,000 gp",15000 gp,,
Lance of the Hungering Dead,"26,000 gp",15000 gp,,
Lantern of the Chained Reaper,"28,000 gp",15000 gp,,
Last Stand Armor,"30,000 gp",15000 gp,,
Leather Jerkin (Very Rare),"24,000 gp",15000 gp,,
Leonora's Throne of Indolence,"25,000 gp",15000 gp,,
Lifewell Tattoo,"26,000 gp",15000 gp,,
Light Drinker,"28,000 gp",15000 gp,,
Lightning Absorbing Tattoo,"25,000 gp",15000 gp,,
Lindwyrm Venom,"22,000 gp",15000 gp,,
Living Armor,"28,000 gp",15000 gp,,
Loaded Dice,"22,000 gp",15000 gp,,
Lodestone Armor,"26,000 gp",15000 gp,,
Lord's Ensemble,"24,000 gp",15000 gp,,
Lute of Thunderous Thumping,"26,000 gp",15000 gp,,
Maddgoth's Helm,"32,000 gp",16000 gp,,
Mage Mashers,"25,000 gp",15000 gp,,
Magebane Poison,"22,000 gp",15000 gp,,
Magentan Sun-Saw (Very Rare),"28,000 gp",15000 gp,,
Malleus Macabre,"30,000 gp",15000 gp,,
Manual of Bodily Health,"85,000 gp",42500 gp,,
Manual of Clay Golems,"32,000 gp",16000 gp,,
Manual of Flesh Golems,"32,000 gp",16000 gp,,
Manual of Gainful Exercise,"85,000 gp",42500 gp,,
Manual of Iron Golems,"35,000 gp",17500 gp,,
Manual of Occult Anatomy,"28,000 gp",15000 gp,,
Manual of Quickness of Action,"85,000 gp",42500 gp,,
Manual of Stone Golems,"35,000 gp",17500 gp,,
Marotte of the Lord of Fools,"26,000 gp",15000 gp,,
Mask of Dendallen,"28,000 gp",15000 gp,,
Mask of Lethica Nightborne,"28,000 gp",15000 gp,,
Masks of the Sacred Beasts (Hawk),"26,000 gp",15000 gp,,
Matron's Mug,"28,000 gp",15000 gp,,
Midnight Armor,"38,000 gp",19000 gp,,
Mindblasting Cap,"32,000 gp",16000 gp,,
Mindguard Crown,"32,000 gp",16000 gp,,
Mindmaster's Monocle,"26,000 gp",15000 gp,,
Mirror of Infinite Transpondence,"35,000 gp",17500 gp,,
Mirror of Insight,"24,000 gp",15000 gp,,
Mirror of Life Trapping,"32,000 gp",16000 gp,,
Mirror of Reflected Pasts,"28,000 gp",15000 gp,,
Mirrorlight Piercer,"26,000 gp",15000 gp,,
Mistral Mantle,"28,000 gp",15000 gp,,
Monsterbane Lasher,"26,000 gp",15000 gp,,
"Moon Sickle, +3","35,000 gp",17500 gp,,
Moonbeam Chain Mail,"28,000 gp",15000 gp,,
Mortal Coil,"25,000 gp",15000 gp,,
Mourningsteel Demi-Gauntlets,"26,000 gp",15000 gp,,
Mudslick Tower,"24,000 gp",15000 gp,,
Muscle Graft,"25,000 gp",15000 gp,,
Navagation Orb,"28,000 gp",15000 gp,,
Necrotic Absorbing Tattoo,"25,000 gp",15000 gp,,
Nightstalker’s Kanabo,"26,000 gp",15000 gp,,
Niko's Mace,"25,000 gp",15000 gp,,
Nimbus Coronet,"45,000 gp",22500 gp,,
Nine Lives Stealer,"28,000 gp",15000 gp,,
Nolzur's Marvelous Pigments,"30,000 gp",15000 gp,,
Novanite Armor,"32,000 gp",16000 gp,,
Null Chalk,"22,000 gp",15000 gp,,
Oathbow,"32,000 gp",16000 gp,,
Oathkeeper's Resolve,"28,000 gp",15000 gp,,
Ogramau's Graveyard,"26,000 gp",15000 gp,,
Oil of Sharpness,"22,000 gp",15000 gp,,
Omenbringer’s Mantle,"28,000 gp",15000 gp,,
Orb of the Veil,"26,000 gp",15000 gp,,
Ornithopter of Flying,"30,000 gp",15000 gp,,
Orostead Iced Tea (Very Rare),"22,000 gp",15000 gp,,
Ouroboros Rapier,"28,000 gp",15000 gp,,
Pathfinder's Boots,"26,000 gp",15000 gp,,
Pendant of the Tempered Fury,"25,000 gp",15000 gp,,
Pennant of the Vind Rune,"26,000 gp",15000 gp,,
Peregrine Mask,"24,000 gp",15000 gp,,
Perfect Refractive Index Crystal,"26,000 gp",15000 gp,,
Pharazoorthok Sprout,"22,000 gp",15000 gp,,
Phasing Bow,"28,000 gp",15000 gp,,
Phoenix Breastplate,"30,000 gp",15000 gp,,
Phoenix Rocket Sword,"28,000 gp",15000 gp,,
Planar Rapier,"32,000 gp",16000 gp,,
Planchette of Adela Druskenvald,"26,000 gp",15000 gp,,
Poison Absorbing Tattoo,"25,000 gp",15000 gp,,
Polymorph Blade,"28,000 gp",15000 gp,,
"Potion of Dragon’s Breath,Very Rare","5,500 gp",15000 gp,,
Potion of Flying,"5,000 gp",15000 gp,,
Potion of Greater Invisibility,"6,000 gp",15000 gp,,
Potion of Longevity,"22,000 gp",15000 gp,,
Potion of Mind Control (monster),"5,500 gp",15000 gp,,
Potion of Near-Death Portent,"4,500 gp",15000 gp,,
Potion of Possibility,"5,000 gp",15000 gp,,
Potion of Speed,"5,500 gp",15000 gp,,
Potion of Vitality,"6,000 gp",15000 gp,,
Prehistoric Figurine of Wondrous Power (Carnelian Triceratops),"26,000 gp",15000 gp,,
Prismatic Steel Weapon,"28,000 gp",15000 gp,,
Psychic Absorbing Tattoo,"25,000 gp",15000 gp,,
Pterosaur Wingbow,"26,000 gp",15000 gp,,
Purging Dagger,"24,000 gp",15000 gp,,
Quagmire Maul,"25,000 gp",15000 gp,,
Quarterstaff of the Acrobat,"24,000 gp",15000 gp,,
Radiant Absorbing Tattoo,"25,000 gp",15000 gp,,
Radiant War Pick,"26,000 gp",15000 gp,,
Ramuh's Kater,"25,000 gp",15000 gp,,
Raptor Feather Leathers,"26,000 gp",15000 gp,,
Raven's Slumber,"24,000 gp",15000 gp,,
Razortooth Sword,"26,000 gp",15000 gp,,
Red Dragon Scale Mail,"35,000 gp",17500 gp,,
Reincarnation Dust,"22,000 gp",15000 gp,,
Rejuvenating Draft (Very Rare),"85,000 gp",42500 gp,,
Reliquary of Holy Memories (Very Rare),"28,000 gp",15000 gp,,
"Rhythm-Maker's Drum, +36","35,000 gp",17500 gp,,
Ring of Amity,"26,000 gp",15000 gp,,
Ring of Ice,"24,000 gp",15000 gp,,
Ring of Lunar Might,"28,000 gp",15000 gp,,
Ring of Red fury,"26,000 gp",15000 gp,,
Ring of Regeneration,"35,000 gp",17500 gp,,
Ring of Scarlet Shadows,"28,000 gp",15000 gp,,
Ring of Shooting Stars,"32,000 gp",16000 gp,,
Ring of Telekinesis,"35,000 gp",17500 gp,,
Ring of the Cragtop Jarl (Jarlpact),"28,000 gp",15000 gp,,
Ring of the Forgefire Jarl (Jarlpact),"28,000 gp",15000 gp,,
Ring of the Glacial Jarl (Jarlpact),"28,000 gp",15000 gp,,
Ring of the Split Mind,"26,000 gp",15000 gp,,
Robe of Scintillating Colors,"32,000 gp",16000 gp,,
Robe of Stars,"40,000 gp",20000 gp,,
Rocborne Hand Ballista,"28,000 gp",15000 gp,,
Rod of Absorption,"38,000 gp",19000 gp,,
Rod of Alertness,"32,000 gp",16000 gp,,
Rod of Hellish Flames,"30,000 gp",15000 gp,,
Rod of Security,"35,000 gp",17500 gp,,
Rod of the Pack Master,"26,000 gp",15000 gp,,
"Rod of the Pact Keeper, +3","36,000 gp",18000 gp,,
Rostungr Armor,"28,000 gp",15000 gp,,
Rotor of Return,"25,000 gp",15000 gp,,
Royal Blade of Amphibios,"26,000 gp",15000 gp,,
Ruidium Armor,"30,000 gp",15000 gp,,
Ruidium Shield,"28,000 gp",15000 gp,,
Ruidium Weapon,"28,000 gp",15000 gp,,
Ruiidium Shield,"28,000 gp",15000 gp,,
Runestone of the Wild Titan,"28,000 gp",15000 gp,,
Sage's Signet (Bear),"28,000 gp",15000 gp,,
Sage's Signet (Hart),"28,000 gp",15000 gp,,
Sage's Signet (Lion),"48,000 gp",24000 gp,,
Sage's Signet (Wolf),"28,000 gp",15000 gp,,
Sanctum Amulet,"26,000 gp",15000 gp,,
Sapphire Buckler,"25,000 gp",15000 gp,,
Scaled Ornament (Awakened),"28,000 gp",15000 gp,,
Scepter of Faith,"26,000 gp",15000 gp,,
"Scholar’s Cap, +3","35,000 gp",17500 gp,,
Scimitar of Speed,"32,000 gp",16000 gp,,
Scorching Cleaver,"28,000 gp",15000 gp,,
Scroll of Mapping (Very Rare),"5,000 gp",15000 gp,,
Scythe of the Harvest Terror,"28,000 gp",15000 gp,,
Second Skin,"24,000 gp",15000 gp,,
Septum Ring of the Great Minotaur,"25,000 gp",15000 gp,,
Shadow Drinker,"28,000 gp",15000 gp,,
Shadow Ward,"26,000 gp",15000 gp,,
Shadowsteel Blades,"28,000 gp",15000 gp,,
Shaedenstaff,"30,000 gp",15000 gp,,
Shard of the Ise Rune,"26,000 gp",15000 gp,,
Shield of Dawn's Herald,"28,000 gp",15000 gp,,
Shield of Marius Renathyr,"30,000 gp",15000 gp,,
Shield of the Cavalier,"26,000 gp",15000 gp,,
Shield of the Uven Rune,"28,000 gp",15000 gp,,
Shield of the World Serpent,"30,000 gp",15000 gp,,
Shield of Yggdrasil,"50,000 gp",25000 gp,,
"Shield, +3","35,000 gp",17500 gp,,
Shooting Star,"28,000 gp",15000 gp,,
Shovel of Yorgrim,"24,000 gp",15000 gp,,
Shroud of Kairious,"26,000 gp",15000 gp,,
Signet Rings of the Fey Court,"25,000 gp",15000 gp,,
Silver Dragon Scale Mail,"35,000 gp",17500 gp,,
Skull Helm,"26,000 gp",15000 gp,,
Sling Bullets of Althemone,"22,000 gp",15000 gp,,
Snuff,"20,000 gp",15000 gp,,
Snugglebeast (Tarrasque),"28,000 gp",15000 gp,,
Speaking Stone,"24,000 gp",15000 gp,,
Spear of Backbiting,"25,000 gp",15000 gp,,
Spell Gem (Amber),"26,000 gp",15000 gp,,
Spell Gem (Jade),"26,000 gp",15000 gp,,
Spell Gem (Topaz),"26,000 gp",15000 gp,,
Spellguard Shield,"32,000 gp",16000 gp,,
Spiked Collar (Very Rare),"24,000 gp",15000 gp,,
Spirit Board,"25,000 gp",15000 gp,,
Splitter,"26,000 gp",15000 gp,,
Staff of Dunamancy,"35,000 gp",17500 gp,,
Staff of Farryn of the Greenwood,"32,000 gp",16000 gp,,
Staff of Fate,"30,000 gp",15000 gp,,
Staff of Favorable Winds,"28,000 gp",15000 gp,,
Staff of Fire,"32,000 gp",16000 gp,,
Staff of Frost,"32,000 gp",16000 gp,,
Staff of Power,"45,000 gp",22500 gp,,
Staff of Radiance,"35,000 gp",17500 gp,,
Staff of Striking,"32,000 gp",16000 gp,,
Staff of the Four Seasons,"34,000 gp",17000 gp,,
Staff of the Void,"35,000 gp",17500 gp,,
Staff of Thunder and Lightning,"38,000 gp",19000 gp,,
Staff of Time Sight,"36,000 gp",18000 gp,,
Stalaga Spear,"26,000 gp",15000 gp,,
Starmetal Sliver,"28,000 gp",15000 gp,,
Steel,"24,000 gp",15000 gp,,
Stonemaker War Pick,"26,000 gp",15000 gp,,
Studded Collar (Very Rare),"24,000 gp",15000 gp,,
Switch,"22,000 gp",15000 gp,,
Sword Between Worlds,"32,000 gp",16000 gp,,
Sword of Sharpness,"32,000 gp",16000 gp,,
Sword of the Crimson Abbot,"30,000 gp",15000 gp,,
Sword of the Paruns,"28,000 gp",15000 gp,,
Tasha's Creeping Keelboat,"30,000 gp",15000 gp,,
Tearulai,"35,000 gp",17500 gp,,
Tempest Griffon Feather Cape,"28,000 gp",15000 gp,,
The Rose Basket,"24,000 gp",15000 gp,,
Theropod Jaw,"26,000 gp",15000 gp,,
Thricecall Mirror,"28,000 gp",15000 gp,,
Thunder Absorbing Tattoo,"25,000 gp",15000 gp,,
Thunderous Greatclub,"26,000 gp",15000 gp,,
Tidecaller Trident,"28,000 gp",15000 gp,,
Timber,"24,000 gp",15000 gp,,
Timepiece of Travel,"30,000 gp",15000 gp,,
Timepiercer,"32,000 gp",16000 gp,,
Tinkertop Boltblaster 1000,"26,000 gp",15000 gp,,
Tireless Rower,"24,000 gp",15000 gp,,
Titan's Tooth Claymore,"28,000 gp",15000 gp,,
Tome of Advanced Fighting Styles,"28,000 gp",15000 gp,,
Tome of Clear Thought,"85,000 gp",42500 gp,,
Tome of Leadership and Influence,"85,000 gp",42500 gp,,
Tome of Understanding,"85,000 gp",42500 gp,,
Tools of the Master (Very Rare),"28,000 gp",15000 gp,,
Tooth of the Jinxed Leviathan,"26,000 gp",15000 gp,,
True Name (Very Rare),"28,000 gp",15000 gp,,
Umbril Opal Necklace,"26,000 gp",15000 gp,,
Veil of the Weeping Widow,"24,000 gp",15000 gp,,
Viage of the Old Ways,"26,000 gp",15000 gp,,
Visionary's Cloak,"28,000 gp",15000 gp,,
Voyager Staff,"30,000 gp",15000 gp,,
Vyra's Broken Path,"28,000 gp",15000 gp,,
Wakened Dragon Vessel,"32,000 gp",16000 gp,,
Wakened Dragon's Wrath Weapon,"35,000 gp",17500 gp,,
Wakened Dragon-Touched Focus,"32,000 gp",16000 gp,,
Wakened Scaled Ornament,"30,000 gp",15000 gp,,
Wand of Merriment,"27,000 gp",15000 gp,,
Wand of Necrosis,"28,000 gp",15000 gp,,
Wand of Polymorph,"32,000 gp",16000 gp,,
Wand of Puppetry,"26,000 gp",15000 gp,,
Wand of the Poltergeist,"25,000 gp",15000 gp,,
"Wand of the War Mage, +3","36,000 gp",18000 gp,,
War Standard of Battlecries,"28,000 gp",15000 gp,,
Warding Staff,"40,000 gp",20000 gp,,
Warhammer of Giant Felling,"28,000 gp",15000 gp,,
War's Wager,"24,000 gp",15000 gp,,
Watchful Helm,"26,000 gp",15000 gp,,
Weapon of Living Through It,"26,000 gp",15000 gp,,
Weapon of Throne's Command,"28,000 gp",15000 gp,,
Weapon of Unrealized Ambition,"26,000 gp",15000 gp,,
"Weapon, +3","35,000 gp",17500 gp,,
Wheel of Stars,"28,000 gp",15000 gp,,
Whirling Bonesaw,"26,000 gp",15000 gp,,
Whistle of the Vagrant,"24,000 gp",15000 gp,,
White Dragon Scale Mail,"32,000 gp",16000 gp,,
Wildman’s Spinning Cleaver,"26,000 gp",15000 gp,,
Wind and Whirl,"28,000 gp",15000 gp,,
Winged Helm of Wisdom,"30,000 gp",15000 gp,,
Winter’s Embrace,"28,000 gp",15000 gp,,
Wraps of the Restless,"24,000 gp",15000 gp,,
"Wraps of Unarmed Power, +3","35,000 gp",17500 gp,,
Wyrmreaver Gauntlets,"28,000 gp",15000 gp,,
Wyrm's Breath Grenade (Brass),"22,000 gp",15000 gp,,
Wyrm's Breath Grenade (Gold),"24,000 gp",15000 gp,,
Xibalban Blade,"28,000 gp",15000 gp,,
Yellow Harbinger's Path,"26,000 gp",15000 gp,,