Name,Shop Price,Min Trade Value,,Rare Items can be targeted by 9-12 and up.
Abjurer's Bangle (Rare),"6,500 gp",3250 gp,,"Minimum Trade Value is 3,000gp unless otherwise listed."
Acheron Blade,"7,000 gp",3500 gp,,
Acidlight Ammunition,"4,500 gp",3000 gp,,
Adder Stone,"5,500 gp",3000 gp,,
Advanced Sensory Stone,"6,000 gp",3000 gp,,
Adventurer's Overcoat,"5,800 gp",3000 gp,,
Aegis of Radiance,"7,500 gp",3750 gp,,
Aether Blood,"6,200 gp",3100 gp,,
Aged Goodberry Wine,"4,000 gp",3000 gp,,
Air Render,"6,800 gp",3400 gp,,
Alchemical Compendium,"7,000 gp",3500 gp,,
"All-Purpose Tool, +2","8,500 gp",4250 gp,,
"Ammunition, +2","5,500 gp",3000 gp,,
Amulet of Health,"25,000 gp",12500 gp,,
Amulet of Immutability,"8,000 gp",4000 gp,,
Amulet of Incineration,"7,200 gp",3600 gp,,
Amulet of Primal Wisdom,"6,500 gp",3250 gp,,
Amulet of Protection from Turning,"6,000 gp",3000 gp,,
"Amulet of the Devout, +2","16,000 gp",8000 gp,,
Amulet of the Lycanthrope,"5,500 gp",3000 gp,,
Amulet of the Sentinel,"7,000 gp",3500 gp,,
Animated Inks (Rare),"5,000 gp",3000 gp,,
Appraiser's Eye,"5,200 gp",3000 gp,,
"Arcane Grimoire, +2","12,000 gp",6000 gp,,
Arcane Oil,"4,500 gp",3000 gp,,
Arcanist Gauntlets,"6,800 gp",3400 gp,,
Arcanist's Scribing Wand,"5,500 gp",3000 gp,,
Arm Ring of Self-Sacrifice,"6,000 gp",3000 gp,,
Armor of Acid Resistance,"5,200 gp",3000 gp,,
Armor of Cold Resistance,"5,200 gp",3000 gp,,
Armor of Fire Resistance,"5,200 gp",3000 gp,,
Armor of Force Resistance,"6,000 gp",3000 gp,,
Armor of Icarus,"6,500 gp",3250 gp,,
Armor of Resistance,"5,500 gp",3000 gp,,
Armor of the Black River,"7,000 gp",3500 gp,,
Armor of Vulnerability,"4,000 gp",3000 gp,,
Armor of Zombie Flesh,"5,000 gp",3000 gp,,
"Armor, +1","6,500 gp",3250 gp,,
Arrow of Ice-Trapping,"4,500 gp",3000 gp,,
Arrow-Catching Shield,"6,000 gp",3000 gp,,
Astral Caltrops,"5,000 gp",3000 gp,,
Astral Shard,"6,500 gp",3250 gp,,
Astromancy Archive,"7,500 gp",3750 gp,,
Atlas of Endless Horizons,"8,000 gp",4000 gp,,
Aurum and Argentum,"5,500 gp",3000 gp,,
Avian Circlet,"6,000 gp",3000 gp,,
Axe of the Galloping Headsman,"7,000 gp",3500 gp,,
Axe of the Galloping Headsman (Rare),"7,000 gp",3500 gp,,
Azorius Keyrune,"5,000 gp",3000 gp,,
Badge of the Watch,"4,800 gp",3000 gp,,
Badge of the Wayfarer,"5,200 gp",3000 gp,,
Bag of Beans,"5,500 gp",3000 gp,,
"Ballista, Goblin","6,000 gp",3000 gp,,
Band of Fruitfulness,"5,000 gp",3000 gp,,
Band of Mirrored Essence,"6,500 gp",3250 gp,,
Bandolier of the Elements,"8,500 gp",4250 gp,,
Bane Weapon,"6,500 gp",3250 gp,,
Banjo of Ol' Jericho Sticks (Rare),"6,000 gp",3000 gp,,
Banjo of Ol'Jerico Sticks,"6,000 gp",3000 gp,,
Banner of the Krig Rune,"7,000 gp",3500 gp,,
Barrier Tattoo (Medium),"6,500 gp",3250 gp,,
Bartender's Armistice,"4,500 gp",3000 gp,,
Basco’s Handy Bangle,"5,500 gp",3000 gp,,
Basilisk Dagger,"6,000 gp",3000 gp,,
Battering Shield,"6,500 gp",3250 gp,,
Battlebrew Maul,"7,000 gp",3500 gp,,
Bead of Force,"5,500 gp",3000 gp,,
Beads of Meditation,"5,000 gp",3000 gp,,
Bearskin Cloak,"6,000 gp",3000 gp,,
Bell Branch,"5,500 gp",3000 gp,,
Bell of the Dusk Mother,"6,500 gp",3250 gp,,
Bell of the Dusk Mother (Rare),"6,500 gp",3250 gp,,
Belt of Dwarvenkind,"6,000 gp",3000 gp,,
Belt of Hill Giant Strength,"22,000 gp",11000 gp,,
Belt of the Berserker,"5,500 gp",3000 gp,,
Belt of the Hell Hound,"6,200 gp",3100 gp,,
Belt of the Raid Leader,"6,800 gp",3400 gp,,
Berserker Axe,"5,000 gp",3000 gp,,
Berserker Mead,"4,000 gp",3000 gp,,
Berserker's Mead,"4,000 gp",3000 gp,,
Blackthorn Spear of the Moonless Hunter,"7,000 gp",3500 gp,,
Blade of Insults,"6,000 gp",3000 gp,,
Blade of Retribution,"6,500 gp",3250 gp,,
Blade of the Wood,"5,500 gp",3000 gp,,
Blessed Reliquary,"6,000 gp",3000 gp,,
Blizzard Sphere,"6,500 gp",3250 gp,,
Blod Stone,"5,000 gp",3000 gp,,
Bloodmire Rod of the Witch Doctor,"6,800 gp",3400 gp,,
Bloodshard Trident,"6,500 gp",3250 gp,,
"Bloodwell Vial, +2","16,000 gp",8000 gp,,
Blunderbuss of the Grinning Sinner,"6,000 gp",3000 gp,,
Bomboozler,"4,500 gp",3000 gp,,
Bonecounter,"5,500 gp",3000 gp,,
"Bonze's Bokken, Wind Ripper","6,500 gp",3250 gp,,
Boots of Levitation,"7,500 gp",3750 gp,,
Boots of Speed,"8,000 gp",4000 gp,,
Boreal Pendant,"5,500 gp",3000 gp,,
Boros Keyrune,"5,000 gp",3000 gp,,
Bottle of Brew Tasting,"4,000 gp",3000 gp,,
Bottomless Box of Treats,"5,000 gp",3000 gp,,
Bounder's Ball,"4,500 gp",3000 gp,,
Bow of Conflagration,"7,000 gp",3500 gp,,
Bow of Mind Thievery,"6,500 gp",3250 gp,,
Bow of the Cobra,"6,000 gp",3000 gp,,
Bow of the Eldritch Archer,"7,500 gp",3750 gp,,
Bow of the Twilight Valkyrie,"7,000 gp",3500 gp,,
Bowl of Commanding Water Elementals,"8,500 gp",4250 gp,,
Bracer of Flying Daggers,"6,500 gp",3250 gp,,
Bracers of Arc Lightning,"7,000 gp",3500 gp,,
Bracers of Celerity,"6,800 gp",3400 gp,,
Bracers of Defense,"8,000 gp",4000 gp,,
Bracers of the Iron Octopus,"6,500 gp",3250 gp,,
Brazier of Commanding Fire Elementals,"8,500 gp",4250 gp,,
Breastplate of Balance,"5,500 gp",3000 gp,,
Breastplate of the Morning Light,"6,000 gp",3000 gp,,
Bridle of Capturing,"5,000 gp",3000 gp,,
Brooch of Many Sizes,"5,500 gp",3000 gp,,
Brooch of the Elements,"6,000 gp",3000 gp,,
Broodmother's Embrace,"6,500 gp",3250 gp,,
Burnright Brand Hair Dryer,"4,500 gp",3000 gp,,
Butcher's Bib,"5,000 gp",3000 gp,,
Caduceus Flail,"6,500 gp",3250 gp,,
Canaith mandolin,"7,000 gp",3500 gp,,
Cane of Phillip Druskenvald,"6,000 gp",3000 gp,,
Cane of Phillip Druskenvald (Rare),"6,000 gp",3000 gp,,
Cape of the Mountebank,"6,500 gp",3250 gp,,
Captain's Pride,"5,500 gp",3000 gp,,
Cauldren of the Vermintoll Coven (Rare),"7,000 gp",3500 gp,,
Cauldron of Plenty,"6,000 gp",3000 gp,,
Cauldron of the Vermintoll Coven,"7,000 gp",3500 gp,,
Caustic Rapier,"6,500 gp",3250 gp,,
Celestial Circlet,"6,000 gp",3000 gp,,
Censer of Controlling Air Elementals,"8,000 gp",4000 gp,,
Ceratopsian Plate,"6,500 gp",3250 gp,,
Chain Devil Gloves,"6,000 gp",3000 gp,,
Champion's Greatbow,"7,500 gp",3750 gp,,
Channeling Wand,"6,500 gp",3250 gp,,
Charm of Plant Command,"5,500 gp",3000 gp,,
Chi-Balancing Tea,"4,500 gp",3000 gp,,
Chime of Opening,"5,000 gp",3000 gp,,
Chimeric Collar,"6,000 gp",3000 gp,,
Chromatic Obsidian Greataxe,"7,000 gp",3500 gp,,
Chromatic Rose,"5,500 gp",3000 gp,,
Chronicle of Fools,"6,000 gp",3000 gp,,
Cinnabar Rapier,"7,000 gp",3500 gp,,
Circlet of Valor,"5,500 gp",3000 gp,,
Claw of the Wyrm Rune,"6,500 gp",3250 gp,,
Claws of the Umber Hulk,"6,000 gp",3000 gp,,
Cli lyre,"7,000 gp",3500 gp,,
Cloak of Displacement,"9,000 gp",4500 gp,,
Cloak of the Bat,"6,500 gp",3250 gp,,
Cloak of the Boundless Spirit,"7,000 gp",3500 gp,,
Cloak of the Listener,"5,500 gp",3000 gp,,
Cloak of the Stygian Bat,"6,500 gp",3250 gp,,
Cloak of Therianthropy,"6,000 gp",3000 gp,,
Clockwork Colony Toolbox,"5,500 gp",3000 gp,,
Clockwork Healerbee,"5,000 gp",3000 gp,,
Club of Unconsciousness,"5,500 gp",3000 gp,,
Coat of Lies,"5,000 gp",3000 gp,,
Coat of Many Eyes (Rare),"7,000 gp",3500 gp,,
Coat of the Crest,"5,500 gp",3000 gp,,
Coin of War and Fear,"4,500 gp",3000 gp,,
Cold Snap Circlet,"6,000 gp",3000 gp,,
Coldfire Anvil,"5,500 gp",3000 gp,,
Coldsnap,"6,000 gp",3000 gp,,
Comet Ballista,"7,000 gp",3500 gp,,
Conspirator's Coat,"5,500 gp",3000 gp,,
Contingency Band,"7,500 gp",3750 gp,,
Corpse Slayer,"6,000 gp",3000 gp,,
Corrupted Pendant,"5,000 gp",3000 gp,,
Corrupted Tusk-Dagger,"5,500 gp",3000 gp,,
Cottage Chest,"5,000 gp",3000 gp,,
Couatl Herald’s Fang,"7,000 gp",3500 gp,,
Couatl Herald’s Lash,"6,500 gp",3250 gp,,
Couatl Herald’s Radiance,"7,000 gp",3500 gp,,
Couatl Herald’s Reach,"6,500 gp",3250 gp,,
Couatl Herald’s Scales,"6,000 gp",3000 gp,,
Covolt Scythe,"6,000 gp",3000 gp,,
Crawly & Rolly Turrit,"4,500 gp",3000 gp,,
Crest of the Sacred Flame,"6,500 gp",3250 gp,,
Crimson Fulcrum Lens,"6,000 gp",3000 gp,,
Cropse Slayer,"6,000 gp",3000 gp,,
Crown of the Barrow King,"7,500 gp",3750 gp,,
Crown of the Barrow King (Rare),"7,500 gp",3750 gp,,
Crown of the Mindmaster Matriarch,"8,000 gp",4000 gp,,
Crown of the Wrath Bringer,"7,000 gp",3500 gp,,
Crystal Blade,"6,500 gp",3250 gp,,
Cube of Cubes,"5,000 gp",3000 gp,,
Cube of Force,"8,500 gp",4250 gp,,
Cube of Summoning,"6,000 gp",3000 gp,,
Cube of Teleportation,"7,500 gp",3750 gp,,
Cutlass of Briggsy Kratch,"6,500 gp",3250 gp,,
Cutlass of Briggsy Kratch (Rare),"6,500 gp",3250 gp,,
Daern's Instant Fortress,"9,000 gp",4500 gp,,
Dagger of Blindsight,"6,000 gp",3000 gp,,
Dagger of Denial,"5,500 gp",3000 gp,,
Dagger of Venom,"6,500 gp",3250 gp,,
Dawn and Dusk,"7,000 gp",3500 gp,,
Dazzling Weapon,"6,000 gp",3000 gp,,
Dead Ringer,"5,000 gp",3000 gp,,
Death Knell,"6,500 gp",3250 gp,,
Deathloop Watch,"5,500 gp",3000 gp,,
Deck of Oracles,"6,000 gp",3000 gp,,
Delver's Claws,"6,500 gp",3250 gp,,
Demon Skin,"6,000 gp",3000 gp,,
Devotee's Censer,"5,500 gp",3000 gp,,
Dice of the Dinosaur,"4,500 gp",3000 gp,,
Dimensional Doorknob,"5,500 gp",3000 gp,,
Dimensional Shackles,"7,000 gp",3500 gp,,
Direstone Dwarven Pick,"5,500 gp",3000 gp,,
Direstone Runic Wand,"6,000 gp",3000 gp,,
Diviner's Dice,"4,500 gp",3000 gp,,
Djinn and Tonic (Rare),"5,500 gp",3000 gp,,
Docent,"6,000 gp",3000 gp,,
Dodecahedron of Doom,"5,000 gp",3000 gp,,
Donjon's Sundering Sphere,"6,500 gp",3250 gp,,
Doom Bloom,"5,500 gp",3000 gp,,
"Dragon Edge Weapon, +1","7,000 gp",3500 gp,,
Dragon Slayer,"7,500 gp",3750 gp,,
Dragon Turtle Shield,"6,500 gp",3250 gp,,
Dragon Vessel (Stirring),"6,500 gp",3250 gp,,
Dragon Wing Bow,"7,000 gp",3500 gp,,
Dragonband,"6,000 gp",3000 gp,,
Dragonbreath Ammunition,"5,000 gp",3000 gp,,
Dragonguard,"6,500 gp",3250 gp,,
Dragonhide Belt,"6,000 gp",3000 gp,,
"Dragonhide Belt, +2","8,500 gp",4250 gp,,
"Dragonkin Weapon, +1","7,000 gp",3500 gp,,
Dragonmaw Shield,"6,500 gp",3250 gp,,
Dragon's Wrath Weapon (Stirring),"7,000 gp",3500 gp,,
Dragontooth Dagger,"6,000 gp",3000 gp,,
Dragon-Touched Focus (Stirring),"6,500 gp",3250 gp,,
Dream Saber,"6,500 gp",3250 gp,,
Dress of Defense,"6,000 gp",3000 gp,,
Druidic Throwing Club,"5,500 gp",3000 gp,,
Dune Cowl,"5,500 gp",3000 gp,,
Duplicitous Manuscript,"6,000 gp",3000 gp,,
Dusk Cleaver,"6,500 gp",3250 gp,,
Dusk Dagger (Rare),"6,000 gp",3000 gp,,
Dwarven Boozehound's Backpack,"5,500 gp",3000 gp,,
Eagle Whistle,"5,000 gp",3000 gp,,
Earthboard,"5,500 gp",3000 gp,,
Ebony Beetle Armor,"6,500 gp",3250 gp,,
Ectoplasmic Whip,"6,000 gp",3000 gp,,
Edge of Dissolution,"6,500 gp",3250 gp,,
Elder Sequoia Scale Mail,"7,000 gp",3500 gp,,
Eldritch Bident,"6,500 gp",3250 gp,,
Eldritch Scarf,"5,500 gp",3000 gp,,
Electric Charge Ring,"6,000 gp",3000 gp,,
Elemental Essence Shard,"6,500 gp",3250 gp,,
Elixir of Health,"4,500 gp",3000 gp,,
Elixir of Life Protection,"5,000 gp",3000 gp,,
Elven Chain,"7,500 gp",3750 gp,,
Emerald Fulcrum Lens,"6,000 gp",3000 gp,,
Enchantment Breaker,"6,500 gp",3250 gp,,
Enspelled Armor (Level 2),"6,500 gp",3250 gp,,
Enspelled Armor (Level 3),"8,000 gp",4000 gp,,
Enspelled Staff (Level 2),"7,000 gp",3500 gp,,
Enspelled Staff (Level 3),"8,500 gp",4250 gp,,
Enspelled Weapon (Level 2),"6,500 gp",3250 gp,,
Enspelled Weapon (Level 3),"8,000 gp",4000 gp,,
Essence of Rage,"6,000 gp",3000 gp,,
Everglacier Prosthesis,"5,500 gp",3000 gp,,
Eye of Dendallen,"6,500 gp",3250 gp,,
Eye of the White Worm,"6,000 gp",3000 gp,,
Eye of the White Worm (Rare),"6,000 gp",3000 gp,,
Faeflame Torch,"5,000 gp",3000 gp,,
Failed Experiment Wand,"5,500 gp",3000 gp,,
Failed Purity Spear,"6,000 gp",3000 gp,,
Far Realm Shard,"7,000 gp",3500 gp,,
"Fate Dealer's Deck, +1","7,500 gp",3750 gp,,
Feather of Diatryma Summoning,"5,000 gp",3000 gp,,
Feather Taokens (tree),"4,500 gp",3000 gp,,
Feather Token (Bird),"4,500 gp",3000 gp,,
Feathered Helm,"5,500 gp",3000 gp,,
Feline's Fury,"6,000 gp",3000 gp,,
Felinobelix,"5,500 gp",3000 gp,,
Ferryman’s Take,"4,500 gp",3000 gp,,
Festerwood Claymore,"6,500 gp",3250 gp,,
Festerwood Vizard,"5,500 gp",3000 gp,,
Feywrought Armor,"6,500 gp",3250 gp,,
Fife of Dragonsong,"6,000 gp",3000 gp,,
"Figurine of Wondrous Power, Bronze Griffon","6,500 gp",3250 gp,,
"Figurine of Wondrous Power, Ebony Fly","6,500 gp",3250 gp,,
"Figurine of Wondrous Power, Golden Lions","7,000 gp",3500 gp,,
"Figurine of Wondrous Power, Ivory Goats","6,000 gp",3000 gp,,
"Figurine of Wondrous Power, Marble Elephant","7,000 gp",3500 gp,,
"Figurine of Wondrous Power, Onyx Dog","6,000 gp",3000 gp,,
"Figurine of Wondrous Power, Serpentine Owl","6,000 gp",3000 gp,,
Fin Symbiote,"5,500 gp",3000 gp,,
Fire Dervish Cloak,"6,500 gp",3250 gp,,
Fire Fire!,"4,500 gp",3000 gp,,
Fire Wand of the Unbroken Circle,"6,500 gp",3250 gp,,
Flame Tongue,"7,500 gp",3750 gp,,
Flamefriend Lantern,"5,500 gp",3000 gp,,
Flawless Refractive Index Crystal,"6,000 gp",3000 gp,,
Flayer Slayer,"7,000 gp",3500 gp,,
Flower of Foresight,"5,500 gp",3000 gp,,
Flying Chariot,"8,000 gp",4000 gp,,
Focus Breaker,"6,000 gp",3000 gp,,
Folding Boat,"6,500 gp",3250 gp,,
Force Gauntlet,"6,500 gp",3250 gp,,
Forgework Dragon Shield,"6,000 gp",3000 gp,,
Fork of Eddy Summoning,"5,500 gp",3000 gp,,
Frog Prince Statuette,"4,500 gp",3000 gp,,
Frost Giant Fork,"6,000 gp",3000 gp,,
Frostglow Weapon,"6,500 gp",3250 gp,,
Frozen Armor,"5,500 gp",3000 gp,,
Fulminating Treatise,"7,000 gp",3500 gp,,
Fused Chimeric Hide,"6,500 gp",3250 gp,,
Galder's Bubble Pipe,"5,000 gp",3000 gp,,
Galvanic Steelsnare,"6,000 gp",3000 gp,,
Gambler's Blade,"6,000 gp",3000 gp,,
Gauntlets of Eldritch Ferocity,"7,000 gp",3500 gp,,
Gauntlets of Flaming Fury,"6,500 gp",3250 gp,,
Gavel of the Venn Rune,"6,000 gp",3000 gp,,
Gem of Seeing,"8,000 gp",4000 gp,,
Gentleman's Saber,"6,000 gp",3000 gp,,
Ghost Armor,"6,500 gp",3250 gp,,
Ghost Lantern,"5,500 gp",3000 gp,,
Gi of Shifting Seasons,"6,000 gp",3000 gp,,
Giant Femur Club,"6,500 gp",3250 gp,,
Giant Slayer,"7,500 gp",3750 gp,,
Giantcraft Ambusher,"6,500 gp",3250 gp,,
Gibberbox,"5,000 gp",3000 gp,,
Glamoured Studded Leather,"6,000 gp",3000 gp,,
Glass - Studded Armor,"5,500 gp",3000 gp,,
Glass-Studded Armor,"5,500 gp",3000 gp,,
Glimmering Moonbow,"7,000 gp",3500 gp,,
Gloomwrought Armor,"6,500 gp",3250 gp,,
Glove of the Aegis,"6,000 gp",3000 gp,,
Glove of the Grim Fandango,"5,500 gp",3000 gp,,
Gloves of Healing,"6,000 gp",3000 gp,,
Gloves of Ratling Agility,"5,500 gp",3000 gp,,
Glowrune Pigment,"4,500 gp",3000 gp,,
Golem Sapper,"6,000 gp",3000 gp,,
Grasping Whip,"6,000 gp",3000 gp,,
Greaves of Dendallen,"5,500 gp",3000 gp,,
Grenade of Remorse,"4,500 gp",3000 gp,,
Gruul Keyrune,"5,000 gp",3000 gp,,
Gulthias Staff,"7,500 gp",3750 gp,,
Gunnspier,"6,500 gp",3250 gp,,
Hag-Stiched Troll Leather Armor,"6,000 gp",3000 gp,,
Halberd of the Peacock,"6,500 gp",3250 gp,,
Harbinger's Flail,"6,000 gp",3000 gp,,
Harper's Pin (Golden),"5,500 gp",3000 gp,,
Heart String Harp,"6,000 gp",3000 gp,,
Heart Weaver's Primer,"6,500 gp",3250 gp,,
Heavenly Chalice,"5,500 gp",3000 gp,,
Heavy Golem Armor,"7,000 gp",3500 gp,,
Hell Hound Cloak,"6,000 gp",3000 gp,,
Helm of Burning Rage,"6,500 gp",3250 gp,,
Helm of Heroes,"6,000 gp",3000 gp,,
Helm of Teleportation,"9,000 gp",4500 gp,,
Helm of the Gods,"7,000 gp",3500 gp,,
Helm of the Sentinel,"6,500 gp",3250 gp,,
Helmsman’s Shelter,"5,500 gp",3000 gp,,
Heron's Eye Ring,"5,500 gp",3000 gp,,
Heward's Handy Haversack,"6,500 gp",3250 gp,,
Hide of the Brimstone Behemoth,"7,500 gp",3750 gp,,
Hide of the Brimstone Behemoth (Rare),"7,500 gp",3750 gp,,
Hoarder's Haul (Rare),"6,500 gp",3250 gp,,
Hogs' Wash,"4,000 gp",3000 gp,,
Hollow Eye,"5,500 gp",3000 gp,,
Hollow's Eye,"5,500 gp",3000 gp,,
Holly's Handy Haversack,"6,500 gp",3250 gp,,
Homeroot,"5,000 gp",3000 gp,,
Homeward Boots,"6,000 gp",3000 gp,,
Honey of the Sacred Bear,"4,500 gp",3000 gp,,
Honey of the Skald's Tongue,"4,500 gp",3000 gp,,
Hook of Fisher's Delight,"5,000 gp",3000 gp,,
Hook of the Tall Man,"40,000 gp",20000 gp,,
Hook of the Tall Man (Rare),"40,000 gp",20000 gp,,
Horatio’s Impossible Ship in a Bottle,"5,500 gp",3000 gp,,
Horn of Battle's Call,"6,000 gp",3000 gp,,
Horn of Blasting,"6,500 gp",3250 gp,,
Horn of the Battle's Call,"6,000 gp",3000 gp,,
Horn of the Endless Maze,"5,500 gp",3000 gp,,
Horn of the Hrimthusar,"6,000 gp",3000 gp,,
"Horn of Valhalla, Brass","8,000 gp",4000 gp,,
"Horn of Valhalla, Silver","9,000 gp",4500 gp,,
Horseshoes of Speed,"6,500 gp",3250 gp,,
Houseward (Rare),"6,500 gp",3250 gp,,
Hunter's Zeal,"5,500 gp",3000 gp,,
Hydra Flail,"7,000 gp",3500 gp,,
Icebreaker Axe,"6,500 gp",3250 gp,,
Idol of the Beast of Blight,"6,000 gp",3000 gp,,
Idol of the Beast of Blight (Rare),"6,000 gp",3000 gp,,
Iggwilv's Horn,"7,000 gp",3500 gp,,
Incendiary Coal,"4,500 gp",3000 gp,,
Inescapable Lash,"6,500 gp",3250 gp,,
Inhatrayani's Necklace of Prayer Beads,"7,500 gp",3750 gp,,
Injector's Crossbow,"6,000 gp",3000 gp,,
Insatiable Tome,"6,500 gp",3250 gp,,
"Instrument of the Bards, Canaith Mandolin","7,000 gp",3500 gp,,
"Instrument of the Bards, Cli Lyre","7,000 gp",3500 gp,,
Ioun Stone Historical Knowledge,"6,000 gp",3000 gp,,
Ioun Stone Language Knowledge,"6,000 gp",3000 gp,,
Ioun Stone Natural Knowledge,"6,000 gp",3000 gp,,
Ioun Stone Religious Knowledge,"6,000 gp",3000 gp,,
Ioun Stone Self-Preservation Knowledge,"6,000 gp",3000 gp,,
Ioun Stone Supreme Intellect,"8,000 gp",4000 gp,,
"Ioun Stone, Awareness","6,500 gp",3250 gp,,
"Ioun Stone, Protection","7,000 gp",3500 gp,,
"Ioun Stone, Reserve","6,000 gp",3000 gp,,
"Ioun Stone, Sustenance","5,500 gp",3000 gp,,
Iridescent Armor,"7,000 gp",3500 gp,,
Iron Bands of Bilarro,"6,500 gp",3250 gp,,
Iron Fangs,"5,500 gp",3000 gp,,
Ironleaf Impaler,"6,000 gp",3000 gp,,
Ironleaf Maul of Entanglement,"6,500 gp",3250 gp,,
Izzet Keyrune,"5,000 gp",3000 gp,,
Jaw Breakers,"4,500 gp",3000 gp,,
Jotun’s Jodhpurs,"5,500 gp",3000 gp,,
Kagonesti Forest Shroud,"6,000 gp",3000 gp,,
Keeper's Fang,"6,500 gp",3250 gp,,
Kempdomr Axe,"6,000 gp",3000 gp,,
Killskull Longbow of Dread,"7,000 gp",3500 gp,,
Kinetic Bowstring,"5,500 gp",3000 gp,,
Knave's Eye Patch,"5,500 gp",3000 gp,,
Knifewing Cape,"6,000 gp",3000 gp,,
Knight’s Standard of Valor,"5,500 gp",3000 gp,,
Knight’s Standard of Vigor,"5,500 gp",3000 gp,,
Knight’s Standard of Virtue,"5,500 gp",3000 gp,,
Lamian Facestealer,"6,000 gp",3000 gp,,
Lantern of the Chained Reaper,"6,500 gp",3250 gp,,
Lantern of the Chained Reaper (Rare),"6,500 gp",3250 gp,,
L'Arsene's Quadnoculars,"5,500 gp",3000 gp,,
Lash of Immolation,"6,500 gp",3250 gp,,
Lash of the Spelldrinker,"7,000 gp",3500 gp,,
Leather Golem Armor,"6,000 gp",3000 gp,,
Leather Jerkin (Rare),"5,500 gp",3000 gp,,
Leeching Quarterstaff,"6,000 gp",3000 gp,,
Libram of Souls and Flesh,"7,500 gp",3750 gp,,
Life's Flower Restorative,"4,500 gp",3000 gp,,
Lightning Khopesh,"6,500 gp",3250 gp,,
Lightning Pylons,"6,000 gp",3000 gp,,
Lightscreen Hover Boots,"6,500 gp",3250 gp,,
Liliana's Rose,"5,000 gp",3000 gp,,
Loadstone,"4,500 gp",3000 gp,,
Luminous War Pick,"6,000 gp",3000 gp,,
Lycan Weapon,"6,500 gp",3250 gp,,
Lycanthropy Antidote,"4,000 gp",3000 gp,,
Lyre of Building,"6,500 gp",3250 gp,,
Mace of Disruption,"7,000 gp",3500 gp,,
Mace of Smiting,"6,500 gp",3250 gp,,
Mace of Terror,"6,000 gp",3000 gp,,
Mace of the Priest,"5,500 gp",3000 gp,,
Magebane Bomb,"4,500 gp",3000 gp,,
Magen Handbell,"5,000 gp",3000 gp,,
Mageplate Cap,"5,500 gp",3000 gp,,
Mageplate Ring,"5,500 gp",3000 gp,,
Magician's Judge,"6,500 gp",3250 gp,,
Magma War Pick,"6,000 gp",3000 gp,,
Manor Key,"4,500 gp",3000 gp,,
Mantle of Otherworldly Charisma,"8,000 gp",4000 gp,,
Mantle of Security,"5,500 gp",3000 gp,,
Mantle of Spell Resistance,"8,500 gp",4250 gp,,
Mantle of the Pack Lord,"6,500 gp",3250 gp,,
Manual of Occult Anatomy,"6,000 gp",3000 gp,,
Marotte of the Lord of Fools,"5,500 gp",3000 gp,,
Marotte of the Lord of Fools (Rare),"5,500 gp",3000 gp,,
Mask of Lethica Nightborne,"6,000 gp",3000 gp,,
Mask of Lethica Nightborne (Rare),"6,000 gp",3000 gp,,
Mask of Monstrous Forms,"6,500 gp",3250 gp,,
Masks of the Sacred Beasts (Mule),"5,500 gp",3000 gp,,
Master Machinist’s Marvelous Mallet,"6,000 gp",3000 gp,,
Medusan Lavalier,"5,000 gp",3000 gp,,
Medzo's Crossbow,"6,000 gp",3000 gp,,
Memento Mori,"5,500 gp",3000 gp,,
Meta Medallion,"6,000 gp",3000 gp,,
Mimir,"7,000 gp",3500 gp,,
Mind Blade,"6,500 gp",3250 gp,,
Mind Crystal (Heightened),"6,500 gp",3250 gp,,
Mind Crystal (Quickened),"6,500 gp",3250 gp,,
Mind Lash,"6,000 gp",3000 gp,,
Mirror of the Past,"5,500 gp",3000 gp,,
Mirrorlight Edge,"6,500 gp",3250 gp,,
Mistwalker Armor,"6,500 gp",3250 gp,,
Mithral +1 Armor,"7,000 gp",3500 gp,,
Mizzium Armor,"7,500 gp",3750 gp,,
Mizzium Mortar,"6,000 gp",3000 gp,,
Molten Bronze Skin,"6,000 gp",3000 gp,,
Monarch Mantle,"6,500 gp",3250 gp,,
Monocle of Clarity,"5,000 gp",3000 gp,,
Monster Hunter's Weapon,"6,500 gp",3250 gp,,
Monster Tamer's Shield,"6,000 gp",3000 gp,,
Monster Tamer's Sword,"6,000 gp",3000 gp,,
"Moon Sickle, +2","8,500 gp",4250 gp,,
Mooncatcher's Net,"5,500 gp",3000 gp,,
Moonseeker's Lantern of Safe Returns,"6,000 gp",3000 gp,,
Moonseeker's Latern of Safe Returns,"6,000 gp",3000 gp,,
Moonsteel Weapon,"6,500 gp",3250 gp,,
Moonstone Banded Armor,"6,500 gp",3250 gp,,
Moonstone Bracers,"6,000 gp",3000 gp,,
Moonswaddled Armor,"6,500 gp",3250 gp,,
Mosshide Troll Belt,"5,500 gp",3000 gp,,
Mourningsteel War Banner,"6,000 gp",3000 gp,,
Mycelial Cloak,"6,000 gp",3000 gp,,
Myceliaweave Armor,"6,500 gp",3250 gp,,
Mythallar Cloak,"7,000 gp",3500 gp,,
Necklace of Fireballs,"6,500 gp",3250 gp,,
Necklace of Prayer Beads,"7,500 gp",3750 gp,,
Necrolace,"6,000 gp",3000 gp,,
Necromancer's Armor,"6,500 gp",3250 gp,,
Needle of Mending,"4,500 gp",3000 gp,,
Net of the Maiden's Hair,"5,000 gp",3000 gp,,
Netherese Ring of Protection,"8,000 gp",4000 gp,,
Nightmare Flask,"5,000 gp",3000 gp,,
Nightstalker's Armor of the Northeastern Wind,"6,500 gp",3250 gp,,
Nightstalker's Mask,"5,500 gp",3000 gp,,
Nine-Escape Knot,"5,000 gp",3000 gp,,
Oceanic Weapon,"6,500 gp",3250 gp,,
Ochre Fulcrum Lens,"6,000 gp",3000 gp,,
Oiki's Pinwheel,"4,500 gp",3000 gp,,
Oil of Etherealness,"5,000 gp",3000 gp,,
Oozemat Coat,"5,500 gp",3000 gp,,
Opal of the Ild Rune,"6,000 gp",3000 gp,,
Orb of the Stein Rune,"6,000 gp",3000 gp,,
Orelia's Tome of Beast Familiars,"7,000 gp",3500 gp,,
Orzhov Keyrune,"5,000 gp",3000 gp,,
Outer Essence Shard,"6,500 gp",3250 gp,,
Outer Essence Shard (Chaotic),"6,500 gp",3250 gp,,
Outer Essence Shard (Evil),"6,500 gp",3250 gp,,
Outer Essence Shard (Good),"6,500 gp",3250 gp,,
Outer Essence Shard (Lawful),"6,500 gp",3250 gp,,
Pack of Revisibility Bombs,"4,500 gp",3000 gp,,
Pariah's Shield,"6,000 gp",3000 gp,,
Pearl of Wisdom Quiver,"5,500 gp",3000 gp,,
Pelt of the Pack Lord,"6,500 gp",3250 gp,,
Penitent Pummelers,"5,500 gp",3000 gp,,
Pennypuncher Slingshot,"5,000 gp",3000 gp,,
Peregrine Spear,"6,000 gp",3000 gp,,
Periapt of Proof against Poison,"5,500 gp",3000 gp,,
Periapt of Reflection,"6,000 gp",3000 gp,,
Phase Axe,"6,500 gp",3250 gp,,
Phoenix Ammunition,"5,000 gp",3000 gp,,
Pick and Pocket,"5,000 gp",3000 gp,,
Piercer,"5,500 gp",3000 gp,,
Plaguebane Mask,"5,500 gp",3000 gp,,
Planchette of Adela Druskenvald,"5,500 gp",3000 gp,,
Planchette of Adela Druskenvald (Rare),"5,500 gp",3000 gp,,
Planecaller's Codex,"7,500 gp",3750 gp,,
Pneuma Blade,"6,500 gp",3250 gp,,
Poison Armor of Amphibios,"5,500 gp",3000 gp,,
Portable Hole,"8,000 gp",4000 gp,,
Potion of Aqueous Form,"4,500 gp",3000 gp,,
Potion of Clairvoyance,"5,000 gp",3000 gp,,
Potion of Diminution,"4,000 gp",3000 gp,,
"Potion of Dragon’s Breath, Rare","5,500 gp",3000 gp,,
Potion of Gaseous Form,"5,000 gp",3000 gp,,
Potion of Heroism,"5,500 gp",3000 gp,,
Potion of Invisibility,"5,500 gp",3000 gp,,
Potion of Invulnerability,"6,000 gp",3000 gp,,
Potion of Life Sharing,"4,500 gp",3000 gp,,
Potion of Maximum Power,"5,500 gp",3000 gp,,
Potion of Mind Control (beast),"4,500 gp",3000 gp,,
Potion of Mind Control (humanoid),"5,000 gp",3000 gp,,
Potion of Mind Reading,"5,000 gp",3000 gp,,
Potion of Spell Recovery,"3,800 gp",3000 gp,,
Poundwise Porter,"4,500 gp",3000 gp,,
Power Collar,"6,000 gp",3000 gp,,
"Prehistoric Figurine of Wondrous Power, Kyanite Pteranodon","6,500 gp",3250 gp,,
Prehistoric Figurines of Wondrous Power (Kyanite Pteranodon),"6,500 gp",3250 gp,,
Professor Orb,"6,000 gp",3000 gp,,
Protective Verses,"5,500 gp",3000 gp,,
Prototype Thunderberd,"6,500 gp",3250 gp,,
Punchdrunk Punters,"5,000 gp",3000 gp,,
Purse Piglet,"4,500 gp",3000 gp,,
Quaal's Feather Token (Bird),"4,500 gp",3000 gp,,
Quaal's Feather Token (Swan boat),"5,000 gp",3000 gp,,
"Quaal's Feather Token, Bird","4,500 gp",3000 gp,,
"Quaal's Feather Token, Swan Boat","5,000 gp",3000 gp,,
"Quaal's Feather Token, Whip","4,500 gp",3000 gp,,
Quake Hammer,"7,000 gp",3500 gp,,
Quick Change Ring,"5,000 gp",3000 gp,,
Quickdraw,"5,500 gp",3000 gp,,
Radiant Defender,"6,500 gp",3250 gp,,
Raptor Feather Leathers,"6,000 gp",3000 gp,,
Rat Tooth Dagger,"5,000 gp",3000 gp,,
Rattling Armor,"5,500 gp",3000 gp,,
Razortooth Sword,"6,500 gp",3250 gp,,
Ready Gunk,"4,500 gp",3000 gp,,
Reap and Sew,"5,500 gp",3000 gp,,
Redeemer's Regards,"6,000 gp",3000 gp,,
Reflector Shield,"6,000 gp",3000 gp,,
Rejuvenating Draft (Rare),"2,500 gp",3000 gp,,
Reliquary of Holy Memories (Rare),"7,000 gp",3500 gp,,
Resistance Breaker,"6,500 gp",3250 gp,,
Resuscitation Bomb,"4,500 gp",3000 gp,,
Retaliating Bloom Shield,"6,000 gp",3000 gp,,
Retracer Boots,"6,500 gp",3250 gp,,
Reveler's Concertina,"5,500 gp",3000 gp,,
"Rhythm-Maker's Drum, +2","8,500 gp",4250 gp,,
Rift Sheath,"6,000 gp",3000 gp,,
Ring of Acid Resistance,"5,000 gp",3000 gp,,
Ring of Anchoring,"4,500 gp",3000 gp,,
Ring of Animal Influence,"5,500 gp",3000 gp,,
Ring of Changing Shapes,"6,000 gp",3000 gp,,
Ring of Cold Resistance,"5,000 gp",3000 gp,,
Ring of Daylight,"5,500 gp",3000 gp,,
Ring of Eldritch Ire,"6,500 gp",3250 gp,,
Ring of Evasion,"5,500 gp",3000 gp,,
Ring of Feather Falling,"5,000 gp",3000 gp,,
Ring of Fire or Stone,"5,500 gp",3000 gp,,
Ring of Fire Resistance,"5,000 gp",3000 gp,,
Ring of Force Resistance,"5,500 gp",3000 gp,,
Ring of Free Action,"8,000 gp",4000 gp,,
Ring of Ice-Shielding,"5,000 gp",3000 gp,,
Ring of Lightning Resistance,"5,000 gp",3000 gp,,
Ring of Misdirection,"6,000 gp",3000 gp,,
Ring of Necrotic Resistance,"5,000 gp",3000 gp,,
Ring of Nightmares,"5,000 gp",3000 gp,,
Ring of Poison Resistance,"5,000 gp",3000 gp,,
Ring of Protection,"8,000 gp",4000 gp,,
Ring of Psychic Resistance,"5,500 gp",3000 gp,,
Ring of Radiant Resistance,"5,000 gp",3000 gp,,
Ring of Resistance,"5,500 gp",3000 gp,,
Ring of Solar's Sight,"6,000 gp",3000 gp,,
Ring of Spell Storing,"9,000 gp",4500 gp,,
Ring of Temporal Salvation,"7,500 gp",3750 gp,,
Ring of Temporla Salvation,"7,500 gp",3750 gp,,
Ring of the Arcane Berserker,"6,500 gp",3250 gp,,
Ring of the Ghouls,"5,500 gp",3000 gp,,
Ring of the Ram,"7,000 gp",3500 gp,,
Ring of Thunder Resistance,"5,000 gp",3000 gp,,
Ring of Winter's Kiss,"5,500 gp",3000 gp,,
Ring of X-ray Vision,"6,500 gp",3250 gp,,
Rings of the True Companions,"7,000 gp",3500 gp,,
Riptide Crossbow,"6,500 gp",3250 gp,,
Robe of Eyes,"8,000 gp",4000 gp,,
Robe of Summer,"6,000 gp",3000 gp,,
Robes of Beaureve,"5,500 gp",3000 gp,,
Rocborne Rod,"6,500 gp",3250 gp,,
Rod of Frostbite,"6,000 gp",3000 gp,,
Rod of Refstophobia,"5,500 gp",3000 gp,,
Rod of Reverberation,"6,000 gp",3000 gp,,
Rod of Ruin,"6,500 gp",3250 gp,,
Rod of Rulership,"8,500 gp",4250 gp,,
Rod of Storms,"7,000 gp",3500 gp,,
Rod of the Magicycle,"6,000 gp",3000 gp,,
"Rod of the Pact Keeper, +2","9,000 gp",4500 gp,,
Rod of the Vonindod,"7,000 gp",3500 gp,,
Rod of Water Absorption,"5,500 gp",3000 gp,,
Rod of Wild Dominion,"6,500 gp",3250 gp,,
Rogue's Mantle,"6,000 gp",3000 gp,,
Rope of Entanglement,"6,500 gp",3250 gp,,
Ruby Red Bike,"5,000 gp",3000 gp,,
Ruinous Flail,"6,500 gp",3250 gp,,
Runestone of the Wild Titan,"7,000 gp",3500 gp,,
Runestone of the Wild Titan (Rare),"7,000 gp",3500 gp,,
Runic Ammunition,"5,000 gp",3000 gp,,
Sage's Signet (Serpent),"6,000 gp",3000 gp,,
Sage's Signet (Songbird),"6,000 gp",3000 gp,,
Saint Markovia's Thighbone,"7,000 gp",3500 gp,,
Salamander Flame Gauntlets,"6,500 gp",3250 gp,,
Sandstorm Dancer,"6,000 gp",3000 gp,,
Sangromancer's Vial,"5,500 gp",3000 gp,,
Sash of Sorcerous Synergy,"6,500 gp",3250 gp,,
Scaled Ornament (Stirring),"6,500 gp",3250 gp,,
Scarlet Scourge,"6,000 gp",3000 gp,,
Scepter Weapon,"6,500 gp",3250 gp,,
"Scholar’s Cap, +2","8,500 gp",4250 gp,,
Scissors of Shadow Snipping,"5,000 gp",3000 gp,,
Scorned Heart Breastplate,"6,500 gp",3250 gp,,
Scorpion Armor,"6,000 gp",3000 gp,,
Screaming Longbow,"6,500 gp",3250 gp,,
Scroll of Nightmares,"4,500 gp",3000 gp,,
Scroll of Protection (Aberrations),"4,000 gp",3000 gp,,
Scroll of Protection (Beasts),"4,000 gp",3000 gp,,
Scroll of Protection (Celestials),"4,000 gp",3000 gp,,
Scroll of Protection (Constructs),"4,000 gp",3000 gp,,
Scroll of Protection (Dragons),"4,500 gp",3000 gp,,
Scroll of Protection (Elementals),"4,000 gp",3000 gp,,
Scroll of Protection (Fey),"4,000 gp",3000 gp,,
Scroll of Protection (Fiends),"4,000 gp",3000 gp,,
Scroll of Protection (Giants),"4,500 gp",3000 gp,,
Scroll of Protection (Humanoids),"3,500 gp",3000 gp,,
Scroll of Protection (Monstrosities),"4,000 gp",3000 gp,,
Scroll of Protection (Oozes),"4,000 gp",3000 gp,,
Scroll of Protection (Plants),"4,000 gp",3000 gp,,
Scroll of Protection (Undead),"4,000 gp",3000 gp,,
Scroll of the Jester,"4,500 gp",3000 gp,,
Scythe of the Harvest Terror,"7,000 gp",3500 gp,,
Scythe of the Harvest Terror (Rare),"7,000 gp",3500 gp,,
Scythed Arm Blades,"6,000 gp",3000 gp,,
Seidr Rune Necklace,"6,000 gp",3000 gp,,
Selesnya Keyrune,"5,000 gp",3000 gp,,
Seraphim's Stiletto,"6,000 gp",3000 gp,,
Serpant Hide,"5,500 gp",3000 gp,,
Serpent Hide,"5,500 gp",3000 gp,,
Serpent's Fang,"6,000 gp",3000 gp,,
Set of Secret Scribe Candles,"4,500 gp",3000 gp,,
Shadow Blade,"6,500 gp",3250 gp,,
Shadow Sibling,"5,500 gp",3000 gp,,
Shadow Tag,"5,000 gp",3000 gp,,
Shadowfell Brand Tattoo,"7,000 gp",3500 gp,,
Shadowfell Shard,"6,500 gp",3250 gp,,
Shadowshawl,"5,500 gp",3000 gp,,
Shadowsmoke Dragon Pipe,"5,000 gp",3000 gp,,
Shard Crown,"7,000 gp",3500 gp,,
Shared Burden,"5,500 gp",3000 gp,,
Sharkrazor Mantle,"6,000 gp",3000 gp,,
Sheer Cold,"6,000 gp",3000 gp,,
Shield of Far Sight,"6,500 gp",3250 gp,,
Shield of Marius Renathyr,"7,000 gp",3500 gp,,
Shield of Marius Renathyr (Rare),"7,000 gp",3500 gp,,
Shield of Missile Attraction,"6,000 gp",3000 gp,,
Shield of the Justicars,"6,500 gp",3250 gp,,
Shield of the Silver Dragon,"6,500 gp",3250 gp,,
"Shield, +2","9,500 gp",4750 gp,,
Shovel of Yorgrim,"5,500 gp",3000 gp,,
Shovel of Yorgrim (Rare),"5,500 gp",3000 gp,,
Shrieking Greaves,"5,500 gp",3000 gp,,
Siege Staff,"7,000 gp",3500 gp,,
"Signet Rings of Blindness,Deafness, and Silence","5,000 gp",3000 gp,,
Siren Song Lyre,"6,000 gp",3000 gp,,
Sizzling Serum,"4,500 gp",3000 gp,,
Sky Anchor,"6,000 gp",3000 gp,,
Skyglider Shield,"6,500 gp",3250 gp,,
Skysail,"5,500 gp",3000 gp,,
Sling of the Tiny Giant,"5,500 gp",3000 gp,,
Snow Wolf Cowl,"5,500 gp",3000 gp,,
Snugglebeast (Dragon),"6,000 gp",3000 gp,,
Soul Pendant,"5,500 gp",3000 gp,,
Soulbond Stone,"6,000 gp",3000 gp,,
Sovereignseed Satchel,"5,000 gp",3000 gp,,
Spell Gem (Bloodstone),"6,000 gp",3000 gp,,
Spell Gem (Quartz),"6,000 gp",3000 gp,,
Spelljamming Helm,"8,500 gp",4250 gp,,
Spellsword,"6,500 gp",3250 gp,,
Spellwriter's Brace,"5,500 gp",3000 gp,,
Spellwrought Tattoo (4th Level),"6,500 gp",3250 gp,,
Spellwrought Tattoo (5th Level),"8,000 gp",4000 gp,,
Spider Staff,"7,000 gp",3500 gp,,
Spiderbite Daggers,"5,500 gp",3000 gp,,
Spiked Collar (Rare),"5,500 gp",3000 gp,,
Spirit Pike,"6,500 gp",3250 gp,,
Spirit Sheath,"5,500 gp",3000 gp,,
Spiritwalker Breastplate,"6,500 gp",3250 gp,,
Splinterguard,"5,000 gp",3000 gp,,
Splintershot,"5,500 gp",3000 gp,,
Sream's Stoppered Oasis,"5,000 gp",3000 gp,,
Srormrider Boots,"6,500 gp",3250 gp,,
Staff of Charming,"7,500 gp",3750 gp,,
Staff of Defense,"7,000 gp",3500 gp,,
Staff of Farryn of the Greenwood,"7,500 gp",3750 gp,,
Staff of Farryn of the Greenwood (Rare),"7,500 gp",3750 gp,,
Staff of Healing,"7,000 gp",3500 gp,,
Staff of Ruling,"7,500 gp",3750 gp,,
Staff of Swarming Insects,"7,000 gp",3500 gp,,
Staff of the Ivory Claw,"6,500 gp",3250 gp,,
Staff of the Magpie,"6,000 gp",3000 gp,,
Staff of the Mirage,"6,500 gp",3250 gp,,
Staff of the Mustang,"6,000 gp",3000 gp,,
Staff of the Reverent Warrior,"6,500 gp",3250 gp,,
Staff of the Rooted Hills,"6,000 gp",3000 gp,,
Staff of the Woodlands,"9,000 gp",4500 gp,,
Staff of Withering,"6,500 gp",3250 gp,,
Stalagmight Geode,"5,500 gp",3000 gp,,
Stalk Symbiote,"5,500 gp",3000 gp,,
Star Metal Ring,"6,000 gp",3000 gp,,
Starbreaker,"7,000 gp",3500 gp,,
Staritjacket,"5,500 gp",3000 gp,,
Starmetal Ring,"6,000 gp",3000 gp,,
Starmetal Shard Spear,"6,500 gp",3250 gp,,
Starmetal Striker,"6,000 gp",3000 gp,,
Starshot Crossbow,"6,500 gp",3250 gp,,
Steam Harpoon,"6,000 gp",3000 gp,,
Stone of Controlling Earth Elementals,"8,000 gp",4000 gp,,
Storm Sickle,"6,000 gp",3000 gp,,
Stormbrewer Bracers,"6,500 gp",3250 gp,,
Stormhook,"6,000 gp",3000 gp,,
Stormhorn,"5,500 gp",3000 gp,,
Storm's Eye Shield,"6,500 gp",3250 gp,,
Stormstruck Staff,"7,000 gp",3500 gp,,
Studded Collar (Rare),"5,500 gp",3000 gp,,
Styx Boots,"6,000 gp",3000 gp,,
Suit of the Lamb,"5,500 gp",3000 gp,,
Summer's Dance,"6,500 gp",3250 gp,,
Sun Blade,"9,000 gp",4500 gp,,
Sun Staff,"6,500 gp",3250 gp,,
Sunforger,"7,000 gp",3500 gp,,
Sunwing Bow,"7,000 gp",3500 gp,,
Sword of Life Stealing,"7,000 gp",3500 gp,,
Sword of Resonance,"6,000 gp",3000 gp,,
Sword of the Crimson Abbot,"7,500 gp",3750 gp,,
Sword of the Crimson Abbot (Rare),"7,500 gp",3750 gp,,
Sword of Wounding,"7,000 gp",3500 gp,,
Tail's End,"5,500 gp",3000 gp,,
Tailsman of the Phoenix,"6,000 gp",3000 gp,,
Tailsman of Tormach,"5,500 gp",3000 gp,,
Talon Gloves,"6,000 gp",3000 gp,,
Tarrobe,"5,500 gp",3000 gp,,
Teleportation Tablet,"8,000 gp",4000 gp,,
Tempest Griffon Bracers,"6,500 gp",3250 gp,,
Tentacle Rod,"7,000 gp",3500 gp,,
Tentacle Whip,"6,000 gp",3000 gp,,
Terrorasque,"6,500 gp",3250 gp,,
Thalamus Thread,"5,000 gp",3000 gp,,
The Whispering Reeds,"5,500 gp",3000 gp,,
Theropod Jaw,"6,000 gp",3000 gp,,
Thought Talker Orbs,"5,500 gp",3000 gp,,
Thunderous Flail,"6,500 gp",3250 gp,,
Timeshifter’s Mantle,"7,000 gp",3500 gp,,
Tireless Armor,"6,000 gp",3000 gp,,
Toadstool Toddy,"4,000 gp",3000 gp,,
Tools of The Master (Rare),"7,000 gp",3500 gp,,
Tooth of the Jinxed Leviathan,"6,000 gp",3000 gp,,
Tooth of the Jinxed Leviathan (Rare),"6,000 gp",3000 gp,,
Torrdok's Magnificent Forgery,"5,500 gp",3000 gp,,
Torrent Taiaha,"6,500 gp",3250 gp,,
Traitor's Gauntlet,"5,500 gp",3000 gp,,
Travel Wok,"4,000 gp",3000 gp,,
Tremor Spike,"5,500 gp",3000 gp,,
Trident of the Hydra,"7,000 gp",3500 gp,,
True Name (Rare),"7,000 gp",3500 gp,,
Two-Birds Sling,"5,500 gp",3000 gp,,
Tyrannosaurus Rax,"6,500 gp",3250 gp,,
Tyr's Crushing Might,"7,000 gp",3500 gp,,
Umbral Armor,"6,500 gp",3250 gp,,
Unerring Dousing Rod,"5,000 gp",3000 gp,,
Unerring Dowsing Rod,"5,000 gp",3000 gp,,
Urnblade,"6,000 gp",3000 gp,,
Valhallan Armor,"6,500 gp",3250 gp,,
Vancian Helm,"6,000 gp",3000 gp,,
Veil of the Weeping Widow,"5,000 gp",3000 gp,,
Veil of the Weeping Widow (Rare),"5,000 gp",3000 gp,,
Ventilating Lungs,"5,500 gp",3000 gp,,
Verax Weapon,"6,000 gp",3000 gp,,
Viage of the Old Ways,"5,500 gp",3000 gp,,
Vicious Weapon,"5,500 gp",3000 gp,,
Vigilus,"6,000 gp",3000 gp,,
Viper Khopesh,"6,000 gp",3000 gp,,
Visage of the Old Ways (Rare),"5,500 gp",3000 gp,,
Viscous Symbiote,"5,500 gp",3000 gp,,
Voidwalker Armor,"7,000 gp",3500 gp,,
Volcanic Boots,"6,000 gp",3000 gp,,
Volt Gauntlets,"6,500 gp",3250 gp,,
Voltedge,"6,000 gp",3000 gp,,
Voyage Collar,"5,500 gp",3000 gp,,
Wand of Binding,"7,500 gp",3750 gp,,
Wand of Enemy Detection,"5,500 gp",3000 gp,,
Wand of Fear,"7,000 gp",3500 gp,,
Wand of Fireballs,"8,000 gp",4000 gp,,
Wand of Gilding,"5,000 gp",3000 gp,,
Wand of Jinxes,"5,500 gp",3000 gp,,
Wand of Lightning Bolts,"8,000 gp",4000 gp,,
Wand of Paralysis,"7,500 gp",3750 gp,,
Wand of Stars,"6,500 gp",3250 gp,,
Wand of the Frostrose,"6,000 gp",3000 gp,,
"Wand of the War Mage, +2","9,000 gp",4500 gp,,
Wand of Whispers,"5,500 gp",3000 gp,,
Wand of Winter,"6,500 gp",3250 gp,,
Wand of Wonder,"6,000 gp",3000 gp,,
War Horn of Valor,"6,000 gp",3000 gp,,
Wardancer's Spear,"6,500 gp",3250 gp,,
Warhammer of Eruptions,"6,500 gp",3250 gp,,
Warmind Wand,"6,500 gp",3250 gp,,
Warp Anchor,"6,000 gp",3000 gp,,
Warrior's Passkey,"5,000 gp",3000 gp,,
Wavebender’s Leiomano,"6,000 gp",3000 gp,,
Wavecutter,"5,500 gp",3000 gp,,
Wayfarer's Boots,"6,500 gp",3250 gp,,
Wayfinder Sphere,"6,000 gp",3000 gp,,
Weapon of Certain Death,"6,000 gp",3000 gp,,
Weapon of Mooring,"5,500 gp",3000 gp,,
Weapon of the Sun and Moon,"7,000 gp",3500 gp,,
"Weapon, +2","9,000 gp",4500 gp,,
Webgrip Bow,"6,500 gp",3250 gp,,
Weird Tank,"5,500 gp",3000 gp,,
Whirling Weapons,"6,000 gp",3000 gp,,
Whispering Cloak,"6,000 gp",3000 gp,,
Whistle of the Vagrant,"5,000 gp",3000 gp,,
Whistle of the Vagrant (Rare),"5,000 gp",3000 gp,,
Widow's Tea,"4,000 gp",3000 gp,,
Wildfire Ammunition,"5,000 gp",3000 gp,,
Wind Riders,"6,000 gp",3000 gp,,
Windskiff,"5,500 gp",3000 gp,,
Windswept Wyvernplate,"7,000 gp",3500 gp,,
Wind-Up Merchant,"4,500 gp",3000 gp,,
Wings of Flying,"9,000 gp",4500 gp,,
Wisplight Lantern,"5,500 gp",3000 gp,,
Witchlight Scimitar,"6,000 gp",3000 gp,,
Woodcutter's Axe,"5,500 gp",3000 gp,,
Wooden Chain of the Unbroken Circle,"6,000 gp",3000 gp,,
Wraps of Aphaeleon,"6,500 gp",3250 gp,,
"Wraps of Unarmed Power, +2","8,500 gp",4250 gp,,
Wryrm's Breath Grenade (Copper),"4,500 gp",3000 gp,,
Wyrmling Wristlet,"5,000 gp",3000 gp,,
Wyrm's Breath Grenade (Bronze),"4,500 gp",3000 gp,,
Wyrmshide Bow,"6,500 gp",3250 gp,,
Wyvernwing,"6,000 gp",3000 gp,,
Xorn-Sole Boots,"5,500 gp",3000 gp,,
Yggdrasil's Tap,"6,000 gp",3000 gp,,
Zafu of the Wandering Mind,"5,500 gp",3000 gp,,
Zephyr Armor,"7,200 gp",3600 gp,,